interlocking,byte_dec,byte_hex,bit,bit_mask_hex,section,function_type,function,location_context
1,0,00,0,01,TRACKS,TRACKS,TDCE,FAVERSHAM STATION PLATFORMS 1 & 2
1,0,00,1,02,TRACKS,TRACKS,TDCF,FAVERSHAM STATION PLATFORMS 1 & 2
1,0,00,2,04,TRACKS,TRACKS,TDFW,FAVERSHAM STATION PLATFORMS 1 & 2
1,0,00,3,08,TRACKS,TRACKS,TDFY,FAVERSHAM STATION PLATFORMS 1 & 2
1,0,00,4,10,TRACKS,,,FAVERSHAM STATION PLATFORMS 1 & 2
1,0,00,5,20,TRACKS,,,FAVERSHAM STATION PLATFORMS 1 & 2
1,0,00,6,40,TRACKS,,,FAVERSHAM STATION PLATFORMS 1 & 2
1,0,00,7,80,TRACKS,,,FAVERSHAM STATION PLATFORMS 1 & 2
1,1,01,0,01,SIGNALS,SIGNALS,SEV1,FAVERSHAM STATION PLATFORMS 1 & 2
1,1,01,1,02,SIGNALS,SIGNALS,S4301,FAVERSHAM STATION PLATFORMS 1 & 2
1,1,01,2,04,SIGNALS,SIGNALS,S4302,FAVERSHAM STATION PLATFORMS 1 & 2
1,1,01,3,08,SIGNALS,SIGNALS,S4303,FAVERSHAM STATION PLATFORMS 1 & 2
1,1,01,4,10,SIGNALS,SIGNALS,S4304,FAVERSHAM STATION PLATFORMS 1 & 2
1,1,01,5,20,SIGNALS,SIGNALS,S4305,FAVERSHAM STATION PLATFORMS 1 & 2
1,1,01,6,40,SIGNALS,SIGNALS,S4306,FAVERSHAM STATION PLATFORMS 1 & 2
1,1,01,7,80,SIGNALS,SIGNALS,S4307,FAVERSHAM STATION PLATFORMS 1 & 2
1,2,02,0,01,SIGNALS,SIGNALS,S4308,FAVERSHAM STATION PLATFORMS 1 & 2
1,2,02,1,02,SIGNALS,SIGNALS,S4311,FAVERSHAM STATION PLATFORMS 1 & 2
1,2,02,2,04,SIGNALS,SIGNALS,S4312,FAVERSHAM STATION PLATFORMS 1 & 2
1,2,02,3,08,SIGNALS,SIGNALS,S4313,FAVERSHAM STATION PLATFORMS 1 & 2
1,2,02,4,10,SIGNALS,SIGNALS,S4314,FAVERSHAM STATION PLATFORMS 1 & 2
1,2,02,5,20,SIGNALS,SIGNALS,S4315,FAVERSHAM STATION PLATFORMS 1 & 2
1,2,02,6,40,SIGNALS,SIGNALS,S4316,FAVERSHAM STATION PLATFORMS 1 & 2
1,2,02,7,80,SIGNALS,SIGNALS,S4317,FAVERSHAM STATION PLATFORMS 1 & 2
1,3,03,0,01,SIGNALS,SIGNALS,S4320,FAVERSHAM STATION PLATFORMS 1 & 2
1,3,03,1,02,SIGNALS,SIGNALS,S4321,FAVERSHAM STATION PLATFORMS 1 & 2
1,3,03,2,04,SIGNALS,SIGNALS,S4322,FAVERSHAM STATION PLATFORMS 1 & 2
1,3,03,3,08,SIGNALS,SIGNALS,S4323,FAVERSHAM STATION PLATFORMS 1 & 2
1,3,03,4,10,SIGNALS,SIGNALS,S4324,FAVERSHAM STATION PLATFORMS 1 & 2
1,3,03,5,20,SIGNALS,SIGNALS,S4325,FAVERSHAM STATION PLATFORMS 1 & 2
1,3,03,6,40,SIGNALS,SIGNALS,S4326,FAVERSHAM STATION PLATFORMS 1 & 2
1,3,03,7,80,SIGNALS,SIGNALS,S4327,FAVERSHAM STATION PLATFORMS 1 & 2
1,4,04,0,01,SIGNALS,SIGNALS,S4332,FAVERSHAM STATION PLATFORMS 1 & 2
1,4,04,1,02,SIGNALS,SIGNALS,S4334,FAVERSHAM STATION PLATFORMS 1 & 2
1,4,04,2,04,SIGNALS,SIGNALS,S4334BR,FAVERSHAM STATION PLATFORMS 1 & 2
1,4,04,3,08,SIGNALS,SIGNALS,S4336,FAVERSHAM STATION PLATFORMS 1 & 2
1,4,04,4,10,SIGNALS,SIGNALS,S4337,FAVERSHAM STATION PLATFORMS 1 & 2
1,4,04,5,20,SIGNALS,SIGNALS,S4338,FAVERSHAM STATION PLATFORMS 1 & 2
1,4,04,6,40,SIGNALS,SIGNALS,S4339,FAVERSHAM STATION PLATFORMS 1 & 2
1,4,04,7,80,SIGNALS,SIGNALS,S4341,FAVERSHAM STATION PLATFORMS 1 & 2
1,5,05,0,01,SIGNALS,SIGNALS,S4346,FAVERSHAM STATION PLATFORMS 1 & 2
1,5,05,1,02,SIGNALS,SIGNALS,S4348,FAVERSHAM STATION PLATFORMS 1 & 2
1,5,05,2,04,SIGNALS,SIGNALS,S4350,FAVERSHAM STATION PLATFORMS 1 & 2
1,5,05,3,08,SIGNALS,,,FAVERSHAM STATION PLATFORMS 1 & 2
1,5,05,4,10,SIGNALS,,,FAVERSHAM STATION PLATFORMS 1 & 2
1,5,05,5,20,SIGNALS,,,FAVERSHAM STATION PLATFORMS 1 & 2
1,5,05,6,40,SIGNALS,,,FAVERSHAM STATION PLATFORMS 1 & 2
1,5,05,7,80,SIGNALS,,,FAVERSHAM STATION PLATFORMS 1 & 2
1,6,06,0,01,POINTS,POINTS,P2152AN,FAVERSHAM STATION PLATFORMS 1 & 2
1,6,06,1,02,POINTS,POINTS,P2152AR,FAVERSHAM STATION PLATFORMS 1 & 2
1,6,06,2,04,POINTS,POINTS,P2152BN,FAVERSHAM STATION PLATFORMS 1 & 2
1,6,06,3,08,POINTS,POINTS,P2152BR,FAVERSHAM STATION PLATFORMS 1 & 2
1,6,06,4,10,POINTS,POINTS,P2154AN,FAVERSHAM STATION PLATFORMS 1 & 2
1,6,06,5,20,POINTS,POINTS,P2154AR,FAVERSHAM STATION PLATFORMS 1 & 2
1,6,06,6,40,POINTS,POINTS,P2154BN,FAVERSHAM STATION PLATFORMS 1 & 2
1,6,06,7,80,POINTS,POINTS,P2154BR,FAVERSHAM STATION PLATFORMS 1 & 2
1,7,07,0,01,POINTS,POINTS,P2156N,FAVERSHAM STATION PLATFORMS 1 & 2
1,7,07,1,02,POINTS,POINTS,P2156R,FAVERSHAM STATION PLATFORMS 1 & 2
1,7,07,2,04,POINTS,POINTS,P2157AN,FAVERSHAM STATION PLATFORMS 1 & 2
1,7,07,3,08,POINTS,POINTS,P2157AR,FAVERSHAM STATION PLATFORMS 1 & 2
1,7,07,4,10,POINTS,POINTS,P2157BN,FAVERSHAM STATION PLATFORMS 1 & 2
1,7,07,5,20,POINTS,POINTS,P2157BR,FAVERSHAM STATION PLATFORMS 1 & 2
1,7,07,6,40,POINTS,POINTS,P2160AN,FAVERSHAM STATION PLATFORMS 1 & 2
1,7,07,7,80,POINTS,POINTS,P2160AR,FAVERSHAM STATION PLATFORMS 1 & 2
1,8,08,0,01,POINTS,POINTS,P2160BN,FAVERSHAM STATION PLATFORMS 1 & 2
1,8,08,1,02,POINTS,POINTS,P2160BR,FAVERSHAM STATION PLATFORMS 1 & 2
1,8,08,2,04,POINTS,POINTS,P2161AN,FAVERSHAM STATION PLATFORMS 1 & 2
1,8,08,3,08,POINTS,POINTS,P2161AR,FAVERSHAM STATION PLATFORMS 1 & 2
1,8,08,4,10,POINTS,POINTS,P2161BN,FAVERSHAM STATION PLATFORMS 1 & 2
1,8,08,5,20,POINTS,POINTS,P2161BR,FAVERSHAM STATION PLATFORMS 1 & 2
1,8,08,6,40,POINTS,POINTS,P2166AN,FAVERSHAM STATION PLATFORMS 1 & 2
1,8,08,7,80,POINTS,POINTS,P2166AR,FAVERSHAM STATION PLATFORMS 1 & 2
1,9,09,0,01,POINTS,POINTS,P2166BN,FAVERSHAM STATION PLATFORMS 1 & 2
1,9,09,1,02,POINTS,POINTS,P2166BR,FAVERSHAM STATION PLATFORMS 1 & 2
1,9,09,2,04,POINTS,POINTS,P2172N,FAVERSHAM STATION PLATFORMS 1 & 2
1,9,09,3,08,POINTS,POINTS,P2172R,FAVERSHAM STATION PLATFORMS 1 & 2
1,9,09,4,10,POINTS,POINTS,P2175N,FAVERSHAM STATION PLATFORMS 1 & 2
1,9,09,5,20,POINTS,POINTS,P2175R,FAVERSHAM STATION PLATFORMS 1 & 2
1,9,09,6,40,POINTS,POINTS,P2176N,FAVERSHAM STATION PLATFORMS 1 & 2
1,9,09,7,80,POINTS,POINTS,P2176R,FAVERSHAM STATION PLATFORMS 1 & 2
1,10,0A,0,01,POINTS,POINTS,P2177N,FAVERSHAM STATION PLATFORMS 1 & 2
1,10,0A,1,02,POINTS,POINTS,P2177R,FAVERSHAM STATION PLATFORMS 1 & 2
1,10,0A,2,04,POINTS,POINTS,P2179AN,FAVERSHAM STATION PLATFORMS 1 & 2
1,10,0A,3,08,POINTS,POINTS,P2179AR,FAVERSHAM STATION PLATFORMS 1 & 2
1,10,0A,4,10,POINTS,POINTS,P2179BN,FAVERSHAM STATION PLATFORMS 1 & 2
1,10,0A,5,20,POINTS,POINTS,P2179BR,FAVERSHAM STATION PLATFORMS 1 & 2
1,10,0A,6,40,POINTS,,,FAVERSHAM STATION PLATFORMS 1 & 2
1,10,0A,7,80,POINTS,,,FAVERSHAM STATION PLATFORMS 1 & 2
1,11,0B,0,01,TRTS,TRTS,L4332TRS,FAVERSHAM STATION PLATFORMS 1 & 2
1,11,0B,1,02,TRTS,TRTS,L4334TRS,FAVERSHAM STATION PLATFORMS 1 & 2
1,11,0B,2,04,TRTS,TRTS,L4336TRS,FAVERSHAM STATION PLATFORMS 1 & 2
1,11,0B,3,08,TRTS,TRTS,L4337TRS,FAVERSHAM STATION PLATFORMS 1 & 2
1,11,0B,4,10,TRTS,TRTS,L4338TRS,FAVERSHAM STATION PLATFORMS 1 & 2
1,11,0B,5,20,TRTS,TRTS,L4339TRS,FAVERSHAM STATION PLATFORMS 1 & 2
1,11,0B,6,40,TRTS,,,FAVERSHAM STATION PLATFORMS 1 & 2
1,11,0B,7,80,TRTS,,,FAVERSHAM STATION PLATFORMS 1 & 2
1,12,0C,0,01,ROUTES,ROUTES,R4311AM,FAVERSHAM STATION PLATFORMS 1 & 2
1,12,0C,1,02,ROUTES,ROUTES,R4314AM,FAVERSHAM STATION PLATFORMS 1 & 2
1,12,0C,2,04,ROUTES,ROUTES,R4323AM,FAVERSHAM STATION PLATFORMS 1 & 2
1,12,0C,3,08,ROUTES,ROUTES,R4325AM,FAVERSHAM STATION PLATFORMS 1 & 2
1,12,0C,4,10,ROUTES,ROUTES,R4325AC,FAVERSHAM STATION PLATFORMS 1 & 2
1,12,0C,5,20,ROUTES,ROUTES,R4325BM,FAVERSHAM STATION PLATFORMS 1 & 2
1,12,0C,6,40,ROUTES,ROUTES,R4325BC,FAVERSHAM STATION PLATFORMS 1 & 2
1,12,0C,7,80,ROUTES,ROUTES,R4325BW,FAVERSHAM STATION PLATFORMS 1 & 2
1,13,0D,0,01,ROUTES,ROUTES,R4325CM,FAVERSHAM STATION PLATFORMS 1 & 2
1,13,0D,1,02,ROUTES,ROUTES,R4325DM,FAVERSHAM STATION PLATFORMS 1 & 2
1,13,0D,2,04,ROUTES,ROUTES,R4327ASNP,FAVERSHAM STATION PLATFORMS 1 & 2
1,13,0D,3,08,ROUTES,ROUTES,R4327ASP,FAVERSHAM STATION PLATFORMS 1 & 2
1,13,0D,4,10,ROUTES,ROUTES,R4327BSNP,FAVERSHAM STATION PLATFORMS 1 & 2
1,13,0D,5,20,ROUTES,ROUTES,R4327BSP,FAVERSHAM STATION PLATFORMS 1 & 2
1,13,0D,6,40,ROUTES,ROUTES,R4327CSNP,FAVERSHAM STATION PLATFORMS 1 & 2
1,13,0D,7,80,ROUTES,ROUTES,R4327CSP,FAVERSHAM STATION PLATFORMS 1 & 2
1,14,0E,0,01,ROUTES,ROUTES,R4327DSNP,FAVERSHAM STATION PLATFORMS 1 & 2
1,14,0E,1,02,ROUTES,ROUTES,R4327DSP,FAVERSHAM STATION PLATFORMS 1 & 2
1,14,0E,2,04,ROUTES,ROUTES,R4332AM,FAVERSHAM STATION PLATFORMS 1 & 2
1,14,0E,3,08,ROUTES,ROUTES,R4334AM,FAVERSHAM STATION PLATFORMS 1 & 2
1,14,0E,4,10,ROUTES,ROUTES,R4336AM,FAVERSHAM STATION PLATFORMS 1 & 2
1,14,0E,5,20,ROUTES,ROUTES,R4337AM,FAVERSHAM STATION PLATFORMS 1 & 2
1,14,0E,6,40,ROUTES,ROUTES,R4337BM,FAVERSHAM STATION PLATFORMS 1 & 2
1,14,0E,7,80,ROUTES,ROUTES,R4337CS,FAVERSHAM STATION PLATFORMS 1 & 2
1,15,0F,0,01,ROUTES,ROUTES,R4337DS,FAVERSHAM STATION PLATFORMS 1 & 2
1,15,0F,1,02,ROUTES,ROUTES,R4337ES,FAVERSHAM STATION PLATFORMS 1 & 2
1,15,0F,2,04,ROUTES,ROUTES,R4338AM,FAVERSHAM STATION PLATFORMS 1 & 2
1,15,0F,3,08,ROUTES,ROUTES,R4339AM,FAVERSHAM STATION PLATFORMS 1 & 2
1,15,0F,4,10,ROUTES,ROUTES,R4339B1M,FAVERSHAM STATION PLATFORMS 1 & 2
1,15,0F,5,20,ROUTES,ROUTES,R4339B2M,FAVERSHAM STATION PLATFORMS 1 & 2
1,15,0F,6,40,ROUTES,ROUTES,R4339CS,FAVERSHAM STATION PLATFORMS 1 & 2
1,15,0F,7,80,ROUTES,ROUTES,R4339DS,FAVERSHAM STATION PLATFORMS 1 & 2
1,16,10,0,01,ROUTES,ROUTES,R4339ES,FAVERSHAM STATION PLATFORMS 1 & 2
1,16,10,1,02,ROUTES,ROUTES,R4341AS,FAVERSHAM STATION PLATFORMS 1 & 2
1,16,10,2,04,ROUTES,ROUTES,R4341BS,FAVERSHAM STATION PLATFORMS 1 & 2
1,16,10,3,08,ROUTES,ROUTES,R4341CS,FAVERSHAM STATION PLATFORMS 1 & 2
1,16,10,4,10,ROUTES,ROUTES,R4346AS,FAVERSHAM STATION PLATFORMS 1 & 2
1,16,10,5,20,ROUTES,ROUTES,R4346BSNP,FAVERSHAM STATION PLATFORMS 1 & 2
1,16,10,6,40,ROUTES,ROUTES,R4346BSP,FAVERSHAM STATION PLATFORMS 1 & 2
1,16,10,7,80,ROUTES,ROUTES,R4346CSNP,FAVERSHAM STATION PLATFORMS 1 & 2
1,17,11,0,01,ROUTES,ROUTES,R4346CSP,FAVERSHAM STATION PLATFORMS 1 & 2
1,17,11,1,02,ROUTES,ROUTES,R4348AS,FAVERSHAM STATION PLATFORMS 1 & 2
1,17,11,2,04,ROUTES,ROUTES,R4348BSNP,FAVERSHAM STATION PLATFORMS 1 & 2
1,17,11,3,08,ROUTES,ROUTES,R4348BSP,FAVERSHAM STATION PLATFORMS 1 & 2
1,17,11,4,10,ROUTES,ROUTES,R4348CSNP,FAVERSHAM STATION PLATFORMS 1 & 2
1,17,11,5,20,ROUTES,ROUTES,R4348CSP,FAVERSHAM STATION PLATFORMS 1 & 2
1,17,11,6,40,ROUTES,ROUTES,R4350AS,FAVERSHAM STATION PLATFORMS 1 & 2
1,17,11,7,80,ROUTES,ROUTES,R4350BSNP,FAVERSHAM STATION PLATFORMS 1 & 2
1,18,12,0,01,ROUTES,ROUTES,R4350BSP,FAVERSHAM STATION PLATFORMS 1 & 2
1,18,12,1,02,ROUTES,ROUTES,R4350CSNP,FAVERSHAM STATION PLATFORMS 1 & 2
1,18,12,2,04,ROUTES,ROUTES,R4350CSP,FAVERSHAM STATION PLATFORMS 1 & 2
1,18,12,3,08,ROUTES,,,FAVERSHAM STATION PLATFORMS 1 & 2
1,18,12,4,10,ROUTES,,,FAVERSHAM STATION PLATFORMS 1 & 2
1,18,12,5,20,ROUTES,,,FAVERSHAM STATION PLATFORMS 1 & 2
1,18,12,6,40,ROUTES,,,FAVERSHAM STATION PLATFORMS 1 & 2
1,18,12,7,80,ROUTES,,,FAVERSHAM STATION PLATFORMS 1 & 2
1,19,13,0,01,SIGNAL_GROUP_REPLACEMENT,SIGNAL_GROUP_REPLACEMENT,LSGBAXX,FAVERSHAM STATION PLATFORMS 1 & 2
1,19,13,1,02,SIGNAL_GROUP_REPLACEMENT,SIGNAL_GROUP_REPLACEMENT,LSGFROGNALX,FAVERSHAM STATION PLATFORMS 1 & 2
1,19,13,2,04,SIGNAL_GROUP_REPLACEMENT,SIGNAL_GROUP_REPLACEMENT,LSGFVLE,FAVERSHAM STATION PLATFORMS 1 & 2
1,19,13,3,08,SIGNAL_GROUP_REPLACEMENT,,,FAVERSHAM STATION PLATFORMS 1 & 2
1,19,13,4,10,SIGNAL_GROUP_REPLACEMENT,SIGNAL_GROUP_REPLACEMENT,LSGTYNCCTV,FAVERSHAM STATION PLATFORMS 1 & 2
1,19,13,5,20,SIGNAL_GROUP_REPLACEMENT,,,FAVERSHAM STATION PLATFORMS 1 & 2
1,19,13,6,40,SIGNAL_GROUP_REPLACEMENT,,,FAVERSHAM STATION PLATFORMS 1 & 2
1,19,13,7,80,SIGNAL_GROUP_REPLACEMENT,,,FAVERSHAM STATION PLATFORMS 1 & 2
1,20,14,0,01,LEVEL_CROSSING,LEVEL_CROSSING,LXSTUPK,STONE AHB
1,20,14,1,02,LEVEL_CROSSING,LEVEL_CROSSING,LXSTWKGK,STONE AHB
1,20,14,2,04,LEVEL_CROSSING,,,STONE AHB
1,20,14,3,08,LEVEL_CROSSING,,,STONE AHB
1,20,14,4,10,LEVEL_CROSSING,,,STONE AHB
1,20,14,5,20,LEVEL_CROSSING,,,STONE AHB
1,20,14,6,40,LEVEL_CROSSING,,,STONE AHB
1,20,14,7,80,LEVEL_CROSSING,,,STONE AHB
2,21,15,0,01,TRACKS,TRACKS,TCAB,FAVERSHAM STATION PLATFORMS 3 & 4
2,21,15,1,02,TRACKS,TRACKS,TCAD,FAVERSHAM STATION PLATFORMS 3 & 4
2,21,15,2,04,TRACKS,TRACKS,TCDK,FAVERSHAM STATION PLATFORMS 3 & 4
2,21,15,3,08,TRACKS,TRACKS,TCDL,FAVERSHAM STATION PLATFORMS 3 & 4
2,21,15,4,10,TRACKS,,,FAVERSHAM STATION PLATFORMS 3 & 4
2,21,15,5,20,TRACKS,,,FAVERSHAM STATION PLATFORMS 3 & 4
2,21,15,6,40,TRACKS,,,FAVERSHAM STATION PLATFORMS 3 & 4
2,21,15,7,80,TRACKS,,,FAVERSHAM STATION PLATFORMS 3 & 4
2,22,16,0,01,SIGNALS,SIGNALS,S4333,FAVERSHAM STATION PLATFORMS 3 & 4
2,22,16,1,02,SIGNALS,SIGNALS,S4335,FAVERSHAM STATION PLATFORMS 3 & 4
2,22,16,2,04,SIGNALS,SIGNALS,S4340,FAVERSHAM STATION PLATFORMS 3 & 4
2,22,16,3,08,SIGNALS,SIGNALS,S4343,FAVERSHAM STATION PLATFORMS 3 & 4
2,22,16,4,10,SIGNALS,SIGNALS,S4352,FAVERSHAM STATION PLATFORMS 3 & 4
2,22,16,5,20,SIGNALS,SIGNALS,S4354,FAVERSHAM STATION PLATFORMS 3 & 4
2,22,16,6,40,SIGNALS,SIGNALS,S4354BR,FAVERSHAM STATION PLATFORMS 3 & 4
2,22,16,7,80,SIGNALS,SIGNALS,S4356,FAVERSHAM STATION PLATFORMS 3 & 4
2,23,17,0,01,SIGNALS,SIGNALS,S4360,FAVERSHAM STATION PLATFORMS 3 & 4
2,23,17,1,02,SIGNALS,SIGNALS,S5045,FAVERSHAM STATION PLATFORMS 3 & 4
2,23,17,2,04,SIGNALS,SIGNALS,S5051,FAVERSHAM STATION PLATFORMS 3 & 4
2,23,17,3,08,SIGNALS,SIGNALS,S5060,FAVERSHAM STATION PLATFORMS 3 & 4
2,23,17,4,10,SIGNALS,SIGNALS,S5062,FAVERSHAM STATION PLATFORMS 3 & 4
2,23,17,5,20,SIGNALS,SIGNALS,S5064,FAVERSHAM STATION PLATFORMS 3 & 4
2,23,17,6,40,SIGNALS,,,FAVERSHAM STATION PLATFORMS 3 & 4
2,23,17,7,80,SIGNALS,,,FAVERSHAM STATION PLATFORMS 3 & 4
2,24,18,0,01,POINTS,POINTS,P2162AN,FAVERSHAM STATION PLATFORMS 3 & 4
2,24,18,1,02,POINTS,POINTS,P2162AR,FAVERSHAM STATION PLATFORMS 3 & 4
2,24,18,2,04,POINTS,POINTS,P2162BN,FAVERSHAM STATION PLATFORMS 3 & 4
2,24,18,3,08,POINTS,POINTS,P2162BR,FAVERSHAM STATION PLATFORMS 3 & 4
2,24,18,4,10,POINTS,POINTS,P2163AN,FAVERSHAM STATION PLATFORMS 3 & 4
2,24,18,5,20,POINTS,POINTS,P2163AR,FAVERSHAM STATION PLATFORMS 3 & 4
2,24,18,6,40,POINTS,POINTS,P2163BN,FAVERSHAM STATION PLATFORMS 3 & 4
2,24,18,7,80,POINTS,POINTS,P2163BR,FAVERSHAM STATION PLATFORMS 3 & 4
2,25,19,0,01,POINTS,POINTS,P2171N,FAVERSHAM STATION PLATFORMS 3 & 4
2,25,19,1,02,POINTS,POINTS,P2171R,FAVERSHAM STATION PLATFORMS 3 & 4
2,25,19,2,04,POINTS,POINTS,P2180AN,FAVERSHAM STATION PLATFORMS 3 & 4
2,25,19,3,08,POINTS,POINTS,P2180AR,FAVERSHAM STATION PLATFORMS 3 & 4
2,25,19,4,10,POINTS,,,FAVERSHAM STATION PLATFORMS 3 & 4
2,25,19,5,20,POINTS,POINTS,P2180BR,FAVERSHAM STATION PLATFORMS 3 & 4
2,25,19,6,40,POINTS,POINTS,P2300N,FAVERSHAM STATION PLATFORMS 3 & 4
2,25,19,7,80,POINTS,POINTS,P2300R,FAVERSHAM STATION PLATFORMS 3 & 4
2,26,1A,0,01,POINTS,POINTS,LHP2301DN,FAVERSHAM STATION PLATFORMS 3 & 4
2,26,1A,1,02,POINTS,POINTS,LHP2301DR,FAVERSHAM STATION PLATFORMS 3 & 4
2,26,1A,2,04,POINTS,POINTS,P2302AN,FAVERSHAM STATION PLATFORMS 3 & 4
2,26,1A,3,08,POINTS,POINTS,P2302AR,FAVERSHAM STATION PLATFORMS 3 & 4
2,26,1A,4,10,POINTS,POINTS,P2302BN,FAVERSHAM STATION PLATFORMS 3 & 4
2,26,1A,5,20,POINTS,POINTS,P2302BR,FAVERSHAM STATION PLATFORMS 3 & 4
2,26,1A,6,40,POINTS,POINTS,LHP2303DN,FAVERSHAM STATION PLATFORMS 3 & 4
2,26,1A,7,80,POINTS,POINTS,LHP2303DR,FAVERSHAM STATION PLATFORMS 3 & 4
2,27,1B,0,01,POINTS,POINTS,P2305AN,FAVERSHAM STATION PLATFORMS 3 & 4
2,27,1B,1,02,POINTS,POINTS,P2305AR,FAVERSHAM STATION PLATFORMS 3 & 4
2,27,1B,2,04,POINTS,POINTS,P2305BN,FAVERSHAM STATION PLATFORMS 3 & 4
2,27,1B,3,08,POINTS,POINTS,P2305BR,FAVERSHAM STATION PLATFORMS 3 & 4
2,27,1B,4,10,POINTS,,,FAVERSHAM STATION PLATFORMS 3 & 4
2,27,1B,5,20,POINTS,,,FAVERSHAM STATION PLATFORMS 3 & 4
2,27,1B,6,40,POINTS,,,FAVERSHAM STATION PLATFORMS 3 & 4
2,27,1B,7,80,POINTS,,,FAVERSHAM STATION PLATFORMS 3 & 4
2,28,1C,0,01,TRTS,TRTS,L4333TRS,FAVERSHAM STATION PLATFORMS 3 & 4
2,28,1C,1,02,TRTS,TRTS,L4335TRS,FAVERSHAM STATION PLATFORMS 3 & 4
2,28,1C,2,04,TRTS,,,FAVERSHAM STATION PLATFORMS 3 & 4
2,28,1C,3,08,TRTS,,,FAVERSHAM STATION PLATFORMS 3 & 4
2,28,1C,4,10,TRTS,,,FAVERSHAM STATION PLATFORMS 3 & 4
2,28,1C,5,20,TRTS,,,FAVERSHAM STATION PLATFORMS 3 & 4
2,28,1C,6,40,TRTS,,,FAVERSHAM STATION PLATFORMS 3 & 4
2,28,1C,7,80,TRTS,,,FAVERSHAM STATION PLATFORMS 3 & 4
2,29,1D,0,01,ROUTES,ROUTES,R4333AS,FAVERSHAM STATION PLATFORMS 3 & 4
2,29,1D,1,02,ROUTES,ROUTES,R4333BM,FAVERSHAM STATION PLATFORMS 3 & 4
2,29,1D,2,04,ROUTES,ROUTES,R4333CM,FAVERSHAM STATION PLATFORMS 3 & 4
2,29,1D,3,08,ROUTES,ROUTES,R4335AM,FAVERSHAM STATION PLATFORMS 3 & 4
2,29,1D,4,10,ROUTES,ROUTES,R4335BM,FAVERSHAM STATION PLATFORMS 3 & 4
2,29,1D,5,20,ROUTES,ROUTES,R4340ASNP,FAVERSHAM STATION PLATFORMS 3 & 4
2,29,1D,6,40,ROUTES,ROUTES,R4340ASP,FAVERSHAM STATION PLATFORMS 3 & 4
2,29,1D,7,80,ROUTES,ROUTES,R4352A1SNP,FAVERSHAM STATION PLATFORMS 3 & 4
2,30,1E,0,01,ROUTES,ROUTES,R4352A1SP,FAVERSHAM STATION PLATFORMS 3 & 4
2,30,1E,1,02,ROUTES,ROUTES,R4352A2SNP,FAVERSHAM STATION PLATFORMS 3 & 4
2,30,1E,2,04,ROUTES,ROUTES,R4352A2SP,FAVERSHAM STATION PLATFORMS 3 & 4
2,30,1E,3,08,ROUTES,ROUTES,R4352BSNP,FAVERSHAM STATION PLATFORMS 3 & 4
2,30,1E,4,10,ROUTES,ROUTES,R4352BSP,FAVERSHAM STATION PLATFORMS 3 & 4
2,30,1E,5,20,ROUTES,ROUTES,R4352CSNP,FAVERSHAM STATION PLATFORMS 3 & 4
2,30,1E,6,40,ROUTES,ROUTES,R4352CSP,FAVERSHAM STATION PLATFORMS 3 & 4
2,30,1E,7,80,ROUTES,ROUTES,R4352DSNP,FAVERSHAM STATION PLATFORMS 3 & 4
2,31,1F,0,01,ROUTES,ROUTES,R4352DSP,FAVERSHAM STATION PLATFORMS 3 & 4
2,31,1F,1,02,ROUTES,ROUTES,R4354A1M,FAVERSHAM STATION PLATFORMS 3 & 4
2,31,1F,2,04,ROUTES,ROUTES,R4354A2M,FAVERSHAM STATION PLATFORMS 3 & 4
2,31,1F,3,08,ROUTES,ROUTES,R4354AC,FAVERSHAM STATION PLATFORMS 3 & 4
2,31,1F,4,10,ROUTES,ROUTES,R4354AW,FAVERSHAM STATION PLATFORMS 3 & 4
2,31,1F,5,20,ROUTES,ROUTES,R4354BM,FAVERSHAM STATION PLATFORMS 3 & 4
2,31,1F,6,40,ROUTES,ROUTES,R4354BC,FAVERSHAM STATION PLATFORMS 3 & 4
2,31,1F,7,80,ROUTES,ROUTES,R5045AM,FAVERSHAM STATION PLATFORMS 3 & 4
2,32,20,0,01,ROUTES,ROUTES,R5060ASNP,FAVERSHAM STATION PLATFORMS 3 & 4
2,32,20,1,02,ROUTES,ROUTES,R5060ASP,FAVERSHAM STATION PLATFORMS 3 & 4
2,32,20,2,04,ROUTES,ROUTES,R5060BSNP,FAVERSHAM STATION PLATFORMS 3 & 4
2,32,20,3,08,ROUTES,ROUTES,R5060BSP,FAVERSHAM STATION PLATFORMS 3 & 4
2,32,20,4,10,ROUTES,ROUTES,R5060CSNP,FAVERSHAM STATION PLATFORMS 3 & 4
2,32,20,5,20,ROUTES,,,FAVERSHAM STATION PLATFORMS 3 & 4
2,32,20,6,40,ROUTES,ROUTES,R5060DSNP,FAVERSHAM STATION PLATFORMS 3 & 4
2,32,20,7,80,ROUTES,ROUTES,R5060DSP,FAVERSHAM STATION PLATFORMS 3 & 4
2,33,21,0,01,ROUTES,ROUTES,R5062AS,FAVERSHAM STATION PLATFORMS 3 & 4
2,33,21,1,02,ROUTES,ROUTES,R5062BS,FAVERSHAM STATION PLATFORMS 3 & 4
2,33,21,2,04,ROUTES,ROUTES,R5064AM,FAVERSHAM STATION PLATFORMS 3 & 4
2,33,21,3,08,ROUTES,ROUTES,R5064AC,FAVERSHAM STATION PLATFORMS 3 & 4
2,33,21,4,10,ROUTES,ROUTES,R5064AW,FAVERSHAM STATION PLATFORMS 3 & 4
2,33,21,5,20,ROUTES,ROUTES,R5064BM,FAVERSHAM STATION PLATFORMS 3 & 4
2,33,21,6,40,ROUTES,ROUTES,R5064BC,FAVERSHAM STATION PLATFORMS 3 & 4
2,33,21,7,80,ROUTES,,,FAVERSHAM STATION PLATFORMS 3 & 4
2,34,22,0,01,SIGNAL_GROUP_REPLACEMENT,SIGNAL_GROUP_REPLACEMENT,LSGFVCE,FAVERSHAM STATION PLATFORMS 3 & 4
2,34,22,1,02,SIGNAL_GROUP_REPLACEMENT,,,FAVERSHAM STATION PLATFORMS 3 & 4
2,34,22,2,04,SIGNAL_GROUP_REPLACEMENT,,,FAVERSHAM STATION PLATFORMS 3 & 4
2,34,22,3,08,SIGNAL_GROUP_REPLACEMENT,,,FAVERSHAM STATION PLATFORMS 3 & 4
2,34,22,4,10,SIGNAL_GROUP_REPLACEMENT,,,FAVERSHAM STATION PLATFORMS 3 & 4
2,34,22,5,20,SIGNAL_GROUP_REPLACEMENT,,,FAVERSHAM STATION PLATFORMS 3 & 4
2,34,22,6,40,SIGNAL_GROUP_REPLACEMENT,,,FAVERSHAM STATION PLATFORMS 3 & 4
2,34,22,7,80,SIGNAL_GROUP_REPLACEMENT,,,FAVERSHAM STATION PLATFORMS 3 & 4
2,35,23,0,01,LEVEL_CROSSING,LEVEL_CROSSING,LXCHUPK,CLOCK HOUSE AHBC
2,35,23,1,02,LEVEL_CROSSING,LEVEL_CROSSING,LXCHWKGK,CLOCK HOUSE AHBC
2,35,23,2,04,LEVEL_CROSSING,,,CLOCK HOUSE AHBC
2,35,23,3,08,LEVEL_CROSSING,,,CLOCK HOUSE AHBC
2,35,23,4,10,LEVEL_CROSSING,,,CLOCK HOUSE AHBC
2,35,23,5,20,LEVEL_CROSSING,,,CLOCK HOUSE AHBC
2,35,23,6,40,LEVEL_CROSSING,,,CLOCK HOUSE AHBC
2,35,23,7,80,LEVEL_CROSSING,,,CLOCK HOUSE AHBC
3,36,24,0,01,SIGNALS,SIGNALS,S5053,
3,36,24,1,02,SIGNALS,SIGNALS,S5055,
3,36,24,2,04,SIGNALS,SIGNALS,S5057,
3,36,24,3,08,SIGNALS,SIGNALS,S5061,
3,36,24,4,10,SIGNALS,SIGNALS,S5063,
3,36,24,5,20,SIGNALS,SIGNALS,S5066,
3,36,24,6,40,SIGNALS,SIGNALS,S5067,
3,36,24,7,80,SIGNALS,SIGNALS,S5070,
3,37,25,0,01,SIGNALS,SIGNALS,S5071,
3,37,25,1,02,SIGNALS,SIGNALS,S5072,
3,37,25,2,04,SIGNALS,SIGNALS,S5073,
3,37,25,3,08,SIGNALS,SIGNALS,S5074,
3,37,25,4,10,SIGNALS,SIGNALS,S5075,
3,37,25,5,20,SIGNALS,SIGNALS,S5076,
3,37,25,6,40,SIGNALS,SIGNALS,S5077,
3,37,25,7,80,SIGNALS,SIGNALS,S5079,
3,38,26,0,01,SIGNALS,SIGNALS,S5080,
3,38,26,1,02,SIGNALS,SIGNALS,S5080BR,
3,38,26,2,04,SIGNALS,SIGNALS,S5081,
3,38,26,3,08,SIGNALS,SIGNALS,S5083,
3,38,26,4,10,SIGNALS,SIGNALS,S5084,
3,38,26,5,20,SIGNALS,SIGNALS,S5085,
3,38,26,6,40,SIGNALS,,,
3,38,26,7,80,SIGNALS,SIGNALS,S5087,
3,39,27,0,01,SIGNALS,SIGNALS,S5090,
3,39,27,1,02,SIGNALS,SIGNALS,S5091,
3,39,27,2,04,SIGNALS,SIGNALS,S5092,
3,39,27,3,08,SIGNALS,SIGNALS,S5094,
3,39,27,4,10,SIGNALS,SIGNALS,S5096,
3,39,27,5,20,SIGNALS,SIGNALS,S5100,
3,39,27,6,40,SIGNALS,SIGNALS,S5102,
3,39,27,7,80,SIGNALS,SIGNALS,S5104,
3,40,28,0,01,SIGNALS,SIGNALS,S5106,
3,40,28,1,02,SIGNALS,,,
3,40,28,2,04,SIGNALS,,,
3,40,28,3,08,SIGNALS,,,
3,40,28,4,10,SIGNALS,,,
3,40,28,5,20,SIGNALS,,,
3,40,28,6,40,SIGNALS,,,
3,40,28,7,80,SIGNALS,,,
3,41,29,0,01,POINTS,POINTS,P2312AN,
3,41,29,1,02,POINTS,POINTS,P2312AR,
3,41,29,2,04,POINTS,POINTS,P2312BN,
3,41,29,3,08,POINTS,POINTS,P2312BR,
3,41,29,4,10,POINTS,,,
3,41,29,5,20,POINTS,,,
3,41,29,6,40,POINTS,,,
3,41,29,7,80,POINTS,,,
3,42,2A,0,01,ROUTES,ROUTES,R5075AM,
3,42,2A,1,02,ROUTES,ROUTES,R5077AS,
3,42,2A,2,04,ROUTES,ROUTES,R5092AM,
3,42,2A,3,08,ROUTES,ROUTES,R5094AM,
3,42,2A,4,10,ROUTES,,,
3,42,2A,5,20,ROUTES,,,
3,42,2A,6,40,ROUTES,,,
3,42,2A,7,80,ROUTES,,,
3,43,2B,0,01,SIGNAL_GROUP_REPLACEMENT,SIGNAL_GROUP_REPLACEMENT,LSGAUSTINSX,
3,43,2B,1,02,SIGNAL_GROUP_REPLACEMENT,SIGNAL_GROUP_REPLACEMENT,LSGGVYAHB,
3,43,2B,2,04,SIGNAL_GROUP_REPLACEMENT,SIGNAL_GROUP_REPLACEMENT,LSGHNB,
3,43,2B,3,08,SIGNAL_GROUP_REPLACEMENT,,,
3,43,2B,4,10,SIGNAL_GROUP_REPLACEMENT,,,
3,43,2B,5,20,SIGNAL_GROUP_REPLACEMENT,,,
3,43,2B,6,40,SIGNAL_GROUP_REPLACEMENT,,,
3,43,2B,7,80,SIGNAL_GROUP_REPLACEMENT,,,
3,44,2C,0,01,LEVEL_CROSSING,LEVEL_CROSSING,LXGYUPK,GRAVENEY AHB
3,44,2C,1,02,LEVEL_CROSSING,LEVEL_CROSSING,LXGYWKGK,GRAVENEY AHB
3,44,2C,2,04,LEVEL_CROSSING,,,GRAVENEY AHB
3,44,2C,3,08,LEVEL_CROSSING,,,GRAVENEY AHB
3,44,2C,4,10,LEVEL_CROSSING,,,GRAVENEY AHB
3,44,2C,5,20,LEVEL_CROSSING,,,GRAVENEY AHB
3,44,2C,6,40,LEVEL_CROSSING,,,GRAVENEY AHB
3,44,2C,7,80,LEVEL_CROSSING,,,GRAVENEY AHB
4,45,2D,0,01,TRACKS,TRACKS,TFVH,MARGATE STATION PLATFORMS 1 TO 4
4,45,2D,1,02,TRACKS,TRACKS,TFVJ,MARGATE STATION PLATFORMS 1 TO 4
4,45,2D,2,04,TRACKS,TRACKS,TFYM,MARGATE STATION PLATFORMS 1 TO 4
4,45,2D,3,08,TRACKS,TRACKS,TFYN,MARGATE STATION PLATFORMS 1 TO 4
4,45,2D,4,10,TRACKS,TRACKS,TGSU,MARGATE STATION PLATFORMS 1 TO 4
4,45,2D,5,20,TRACKS,TRACKS,TGSV,MARGATE STATION PLATFORMS 1 TO 4
4,45,2D,6,40,TRACKS,TRACKS,TGVK,MARGATE STATION PLATFORMS 1 TO 4
4,45,2D,7,80,TRACKS,TRACKS,TGVL,MARGATE STATION PLATFORMS 1 TO 4
4,46,2E,0,01,TRACKS,,,MARGATE STATION PLATFORMS 1 TO 4
4,46,2E,1,02,TRACKS,,,MARGATE STATION PLATFORMS 1 TO 4
4,46,2E,2,04,TRACKS,,,MARGATE STATION PLATFORMS 1 TO 4
4,46,2E,3,08,TRACKS,,,MARGATE STATION PLATFORMS 1 TO 4
4,46,2E,4,10,TRACKS,,,MARGATE STATION PLATFORMS 1 TO 4
4,46,2E,5,20,TRACKS,,,MARGATE STATION PLATFORMS 1 TO 4
4,46,2E,6,40,TRACKS,,,MARGATE STATION PLATFORMS 1 TO 4
4,46,2E,7,80,TRACKS,,,MARGATE STATION PLATFORMS 1 TO 4
4,47,2F,0,01,SIGNALS,SIGNALS,S5093,MARGATE STATION PLATFORMS 1 TO 4
4,47,2F,1,02,SIGNALS,SIGNALS,S5095,MARGATE STATION PLATFORMS 1 TO 4
4,47,2F,2,04,SIGNALS,SIGNALS,S5097,MARGATE STATION PLATFORMS 1 TO 4
4,47,2F,3,08,SIGNALS,SIGNALS,S5101,MARGATE STATION PLATFORMS 1 TO 4
4,47,2F,4,10,SIGNALS,SIGNALS,S5101BR,MARGATE STATION PLATFORMS 1 TO 4
4,47,2F,5,20,SIGNALS,SIGNALS,S5105,MARGATE STATION PLATFORMS 1 TO 4
4,47,2F,6,40,SIGNALS,SIGNALS,S5107,MARGATE STATION PLATFORMS 1 TO 4
4,47,2F,7,80,SIGNALS,SIGNALS,S5107BR,MARGATE STATION PLATFORMS 1 TO 4
4,48,30,0,01,SIGNALS,SIGNALS,S5109,MARGATE STATION PLATFORMS 1 TO 4
4,48,30,1,02,SIGNALS,SIGNALS,S5109BR,MARGATE STATION PLATFORMS 1 TO 4
4,48,30,2,04,SIGNALS,SIGNALS,S5110,MARGATE STATION PLATFORMS 1 TO 4
4,48,30,3,08,SIGNALS,SIGNALS,S5111,MARGATE STATION PLATFORMS 1 TO 4
4,48,30,4,10,SIGNALS,SIGNALS,S5112,MARGATE STATION PLATFORMS 1 TO 4
4,48,30,5,20,SIGNALS,SIGNALS,S5113,MARGATE STATION PLATFORMS 1 TO 4
4,48,30,6,40,SIGNALS,SIGNALS,S5114,MARGATE STATION PLATFORMS 1 TO 4
4,48,30,7,80,SIGNALS,SIGNALS,S5115,MARGATE STATION PLATFORMS 1 TO 4
4,49,31,0,01,SIGNALS,SIGNALS,S5116,MARGATE STATION PLATFORMS 1 TO 4
4,49,31,1,02,SIGNALS,SIGNALS,S5117,MARGATE STATION PLATFORMS 1 TO 4
4,49,31,2,04,SIGNALS,SIGNALS,S5118,MARGATE STATION PLATFORMS 1 TO 4
4,49,31,3,08,SIGNALS,SIGNALS,S5120,MARGATE STATION PLATFORMS 1 TO 4
4,49,31,4,10,SIGNALS,SIGNALS,S5122,MARGATE STATION PLATFORMS 1 TO 4
4,49,31,5,20,SIGNALS,SIGNALS,S5123,MARGATE STATION PLATFORMS 1 TO 4
4,49,31,6,40,SIGNALS,SIGNALS,S5124,MARGATE STATION PLATFORMS 1 TO 4
4,49,31,7,80,SIGNALS,SIGNALS,S5125,MARGATE STATION PLATFORMS 1 TO 4
4,50,32,0,01,SIGNALS,SIGNALS,S5126,MARGATE STATION PLATFORMS 1 TO 4
4,50,32,1,02,SIGNALS,SIGNALS,S5127,MARGATE STATION PLATFORMS 1 TO 4
4,50,32,2,04,SIGNALS,SIGNALS,S5131,MARGATE STATION PLATFORMS 1 TO 4
4,50,32,3,08,SIGNALS,SIGNALS,S5132,MARGATE STATION PLATFORMS 1 TO 4
4,50,32,4,10,SIGNALS,SIGNALS,S5133,MARGATE STATION PLATFORMS 1 TO 4
4,50,32,5,20,SIGNALS,SIGNALS,S5134,MARGATE STATION PLATFORMS 1 TO 4
4,50,32,6,40,SIGNALS,SIGNALS,S5135,MARGATE STATION PLATFORMS 1 TO 4
4,50,32,7,80,SIGNALS,SIGNALS,S5136,MARGATE STATION PLATFORMS 1 TO 4
4,51,33,0,01,SIGNALS,SIGNALS,S5137,MARGATE STATION PLATFORMS 1 TO 4
4,51,33,1,02,SIGNALS,SIGNALS,S5140,MARGATE STATION PLATFORMS 1 TO 4
4,51,33,2,04,SIGNALS,SIGNALS,S5141,MARGATE STATION PLATFORMS 1 TO 4
4,51,33,3,08,SIGNALS,SIGNALS,S5142,MARGATE STATION PLATFORMS 1 TO 4
4,51,33,4,10,SIGNALS,SIGNALS,S5142BR,MARGATE STATION PLATFORMS 1 TO 4
4,51,33,5,20,SIGNALS,SIGNALS,S5144,MARGATE STATION PLATFORMS 1 TO 4
4,51,33,6,40,SIGNALS,SIGNALS,S5146,MARGATE STATION PLATFORMS 1 TO 4
4,51,33,7,80,SIGNALS,SIGNALS,S5150,MARGATE STATION PLATFORMS 1 TO 4
4,52,34,0,01,SIGNALS,,,MARGATE STATION PLATFORMS 1 TO 4
4,52,34,1,02,SIGNALS,,,MARGATE STATION PLATFORMS 1 TO 4
4,52,34,2,04,SIGNALS,,,MARGATE STATION PLATFORMS 1 TO 4
4,52,34,3,08,SIGNALS,,,MARGATE STATION PLATFORMS 1 TO 4
4,52,34,4,10,SIGNALS,,,MARGATE STATION PLATFORMS 1 TO 4
4,52,34,5,20,SIGNALS,,,MARGATE STATION PLATFORMS 1 TO 4
4,52,34,6,40,SIGNALS,,,MARGATE STATION PLATFORMS 1 TO 4
4,52,34,7,80,SIGNALS,,,MARGATE STATION PLATFORMS 1 TO 4
4,53,35,0,01,POINTS,POINTS,P2320AN,MARGATE STATION PLATFORMS 1 TO 4
4,53,35,1,02,POINTS,POINTS,P2320AR,MARGATE STATION PLATFORMS 1 TO 4
4,53,35,2,04,POINTS,POINTS,P2320BN,MARGATE STATION PLATFORMS 1 TO 4
4,53,35,3,08,POINTS,POINTS,P2320BR,MARGATE STATION PLATFORMS 1 TO 4
4,53,35,4,10,POINTS,POINTS,P2322N,MARGATE STATION PLATFORMS 1 TO 4
4,53,35,5,20,POINTS,POINTS,P2322R,MARGATE STATION PLATFORMS 1 TO 4
4,53,35,6,40,POINTS,POINTS,P2323N,MARGATE STATION PLATFORMS 1 TO 4
4,53,35,7,80,POINTS,POINTS,P2323R,MARGATE STATION PLATFORMS 1 TO 4
4,54,36,0,01,POINTS,POINTS,P2324N,MARGATE STATION PLATFORMS 1 TO 4
4,54,36,1,02,POINTS,POINTS,P2324R,MARGATE STATION PLATFORMS 1 TO 4
4,54,36,2,04,POINTS,POINTS,P2325AN,MARGATE STATION PLATFORMS 1 TO 4
4,54,36,3,08,POINTS,POINTS,P2325AR,MARGATE STATION PLATFORMS 1 TO 4
4,54,36,4,10,POINTS,POINTS,P2325BN,MARGATE STATION PLATFORMS 1 TO 4
4,54,36,5,20,POINTS,POINTS,P2325BR,MARGATE STATION PLATFORMS 1 TO 4
4,54,36,6,40,POINTS,,,MARGATE STATION PLATFORMS 1 TO 4
4,54,36,7,80,POINTS,,,MARGATE STATION PLATFORMS 1 TO 4
4,55,37,0,01,ROUTES,ROUTES,R5101AM,MARGATE STATION PLATFORMS 1 TO 4
4,55,37,1,02,ROUTES,ROUTES,R5105ASNP,MARGATE STATION PLATFORMS 1 TO 4
4,55,37,2,04,ROUTES,ROUTES,R5105ASP,MARGATE STATION PLATFORMS 1 TO 4
4,55,37,3,08,ROUTES,ROUTES,R5105BSNP,MARGATE STATION PLATFORMS 1 TO 4
4,55,37,4,10,ROUTES,ROUTES,R5105BSP,MARGATE STATION PLATFORMS 1 TO 4
4,55,37,5,20,ROUTES,ROUTES,R5105CSNP,MARGATE STATION PLATFORMS 1 TO 4
4,55,37,6,40,ROUTES,ROUTES,R5105CSP,MARGATE STATION PLATFORMS 1 TO 4
4,55,37,7,80,ROUTES,ROUTES,R5107AM,MARGATE STATION PLATFORMS 1 TO 4
4,56,38,0,01,ROUTES,ROUTES,R5107AW,MARGATE STATION PLATFORMS 1 TO 4
4,56,38,1,02,ROUTES,ROUTES,R5107BM,MARGATE STATION PLATFORMS 1 TO 4
4,56,38,2,04,ROUTES,ROUTES,R5109AM,MARGATE STATION PLATFORMS 1 TO 4
4,56,38,3,08,ROUTES,ROUTES,R5111AM,MARGATE STATION PLATFORMS 1 TO 4
4,56,38,4,10,ROUTES,ROUTES,R5113AM,MARGATE STATION PLATFORMS 1 TO 4
4,56,38,5,20,ROUTES,ROUTES,R5115AM,MARGATE STATION PLATFORMS 1 TO 4
4,56,38,6,40,ROUTES,ROUTES,R5118AM,MARGATE STATION PLATFORMS 1 TO 4
4,56,38,7,80,ROUTES,ROUTES,R5120AM,MARGATE STATION PLATFORMS 1 TO 4
4,57,39,0,01,ROUTES,ROUTES,R5122AM,MARGATE STATION PLATFORMS 1 TO 4
4,57,39,1,02,ROUTES,ROUTES,R5124ASNP,MARGATE STATION PLATFORMS 1 TO 4
4,57,39,2,04,ROUTES,ROUTES,R5124ASP,MARGATE STATION PLATFORMS 1 TO 4
4,57,39,3,08,ROUTES,ROUTES,R5124BSNP,MARGATE STATION PLATFORMS 1 TO 4
4,57,39,4,10,ROUTES,ROUTES,R5124BSP,MARGATE STATION PLATFORMS 1 TO 4
4,57,39,5,20,ROUTES,ROUTES,R5124CSNP,MARGATE STATION PLATFORMS 1 TO 4
4,57,39,6,40,ROUTES,ROUTES,R5124CSP,MARGATE STATION PLATFORMS 1 TO 4
4,57,39,7,80,ROUTES,ROUTES,R5124DSNP,MARGATE STATION PLATFORMS 1 TO 4
4,58,3A,0,01,ROUTES,ROUTES,R5124DSP,MARGATE STATION PLATFORMS 1 TO 4
4,58,3A,1,02,ROUTES,ROUTES,R5126AM,MARGATE STATION PLATFORMS 1 TO 4
4,58,3A,2,04,ROUTES,ROUTES,R5126AC,MARGATE STATION PLATFORMS 1 TO 4
4,58,3A,3,08,ROUTES,ROUTES,R5126BM,MARGATE STATION PLATFORMS 1 TO 4
4,58,3A,4,10,ROUTES,ROUTES,R5126BC,MARGATE STATION PLATFORMS 1 TO 4
4,58,3A,5,20,ROUTES,ROUTES,R5141AM,MARGATE STATION PLATFORMS 1 TO 4
4,58,3A,6,40,ROUTES,,,MARGATE STATION PLATFORMS 1 TO 4
4,58,3A,7,80,ROUTES,,,MARGATE STATION PLATFORMS 1 TO 4
4,59,3B,0,01,TRTS,TRTS,L5109TRS,MARGATE STATION PLATFORMS 1 TO 4
4,59,3B,1,02,TRTS,TRTS,L5111TRS,MARGATE STATION PLATFORMS 1 TO 4
4,59,3B,2,04,TRTS,TRTS,L5113TRS,MARGATE STATION PLATFORMS 1 TO 4
4,59,3B,3,08,TRTS,TRTS,L5115TRS,MARGATE STATION PLATFORMS 1 TO 4
4,59,3B,4,10,TRTS,TRTS,L5118TRS,MARGATE STATION PLATFORMS 1 TO 4
4,59,3B,5,20,TRTS,TRTS,L5120TRS,MARGATE STATION PLATFORMS 1 TO 4
4,59,3B,6,40,TRTS,TRTS,L5122TRS,MARGATE STATION PLATFORMS 1 TO 4
4,59,3B,7,80,TRTS,,,MARGATE STATION PLATFORMS 1 TO 4
4,60,3C,0,01,SIGNAL_GROUP_REPLACEMENT,SIGNAL_GROUP_REPLACEMENT,LSGGAPX,MARGATE STATION PLATFORMS 1 TO 4
4,60,3C,1,02,SIGNAL_GROUP_REPLACEMENT,SIGNAL_GROUP_REPLACEMENT,LSGMKHB,MARGATE STATION PLATFORMS 1 TO 4
4,60,3C,2,04,SIGNAL_GROUP_REPLACEMENT,SIGNAL_GROUP_REPLACEMENT,LSGMKRM,MARGATE STATION PLATFORMS 1 TO 4
4,60,3C,3,08,SIGNAL_GROUP_REPLACEMENT,,,MARGATE STATION PLATFORMS 1 TO 4
4,60,3C,4,10,SIGNAL_GROUP_REPLACEMENT,,,MARGATE STATION PLATFORMS 1 TO 4
4,60,3C,5,20,SIGNAL_GROUP_REPLACEMENT,,,MARGATE STATION PLATFORMS 1 TO 4
4,60,3C,6,40,SIGNAL_GROUP_REPLACEMENT,,,MARGATE STATION PLATFORMS 1 TO 4
4,60,3C,7,80,SIGNAL_GROUP_REPLACEMENT,,,MARGATE STATION PLATFORMS 1 TO 4
5,61,3D,0,01,TRACKS,TRACKS,TFWR,RAMSGATE STATION PLATFORMS 1 & 2
5,61,3D,1,02,TRACKS,TRACKS,TFWS,RAMSGATE STATION PLATFORMS 1 & 2
5,61,3D,2,04,TRACKS,TRACKS,TFYV,RAMSGATE STATION PLATFORMS 1 & 2
5,61,3D,3,08,TRACKS,TRACKS,TFYW,RAMSGATE STATION PLATFORMS 1 & 2
5,61,3D,4,10,TRACKS,TRACKS,TPWU,RAMSGATE STATION PLATFORMS 1 & 2
5,61,3D,5,20,TRACKS,TRACKS,TPYW,RAMSGATE STATION PLATFORMS 1 & 2
5,61,3D,6,40,TRACKS,,,RAMSGATE STATION PLATFORMS 1 & 2
5,61,3D,7,80,TRACKS,,,RAMSGATE STATION PLATFORMS 1 & 2
5,62,3E,0,01,SIGNALS,SIGNALS,S4978,RAMSGATE STATION PLATFORMS 1 & 2
5,62,3E,1,02,SIGNALS,SIGNALS,S4982,RAMSGATE STATION PLATFORMS 1 & 2
5,62,3E,2,04,SIGNALS,SIGNALS,S4984,RAMSGATE STATION PLATFORMS 1 & 2
5,62,3E,3,08,SIGNALS,SIGNALS,S4987,RAMSGATE STATION PLATFORMS 1 & 2
5,62,3E,4,10,SIGNALS,SIGNALS,S5143,RAMSGATE STATION PLATFORMS 1 & 2
5,62,3E,5,20,SIGNALS,SIGNALS,S5145,RAMSGATE STATION PLATFORMS 1 & 2
5,62,3E,6,40,SIGNALS,SIGNALS,S5152,RAMSGATE STATION PLATFORMS 1 & 2
5,62,3E,7,80,SIGNALS,SIGNALS,S5156,RAMSGATE STATION PLATFORMS 1 & 2
5,63,3F,0,01,SIGNALS,SIGNALS,S5160,RAMSGATE STATION PLATFORMS 1 & 2
5,63,3F,1,02,SIGNALS,SIGNALS,S5162,RAMSGATE STATION PLATFORMS 1 & 2
5,63,3F,2,04,SIGNALS,SIGNALS,S5164,RAMSGATE STATION PLATFORMS 1 & 2
5,63,3F,3,08,SIGNALS,SIGNALS,S5176,RAMSGATE STATION PLATFORMS 1 & 2
5,63,3F,4,10,SIGNALS,SIGNALS,S5178,RAMSGATE STATION PLATFORMS 1 & 2
5,63,3F,5,20,SIGNALS,,,RAMSGATE STATION PLATFORMS 1 & 2
5,63,3F,6,40,SIGNALS,,,RAMSGATE STATION PLATFORMS 1 & 2
5,63,3F,7,80,SIGNALS,,,RAMSGATE STATION PLATFORMS 1 & 2
5,64,40,0,01,POINTS,POINTS,P2330AN,RAMSGATE STATION PLATFORMS 1 & 2
5,64,40,1,02,POINTS,POINTS,P2330AR,RAMSGATE STATION PLATFORMS 1 & 2
5,64,40,2,04,POINTS,POINTS,P2330BN,RAMSGATE STATION PLATFORMS 1 & 2
5,64,40,3,08,POINTS,POINTS,P2330BR,RAMSGATE STATION PLATFORMS 1 & 2
5,64,40,4,10,POINTS,POINTS,P2332N,RAMSGATE STATION PLATFORMS 1 & 2
5,64,40,5,20,POINTS,POINTS,P2332R,RAMSGATE STATION PLATFORMS 1 & 2
5,64,40,6,40,POINTS,POINTS,P2333AN,RAMSGATE STATION PLATFORMS 1 & 2
5,64,40,7,80,POINTS,POINTS,P2333AR,RAMSGATE STATION PLATFORMS 1 & 2
5,65,41,0,01,POINTS,POINTS,P2333BN,RAMSGATE STATION PLATFORMS 1 & 2
5,65,41,1,02,POINTS,POINTS,P2333BR,RAMSGATE STATION PLATFORMS 1 & 2
5,65,41,2,04,POINTS,POINTS,P2334AN,RAMSGATE STATION PLATFORMS 1 & 2
5,65,41,3,08,POINTS,POINTS,P2334AR,RAMSGATE STATION PLATFORMS 1 & 2
5,65,41,4,10,POINTS,POINTS,P2334BN,RAMSGATE STATION PLATFORMS 1 & 2
5,65,41,5,20,POINTS,POINTS,P2334BR,RAMSGATE STATION PLATFORMS 1 & 2
5,65,41,6,40,POINTS,POINTS,P2335AN,RAMSGATE STATION PLATFORMS 1 & 2
5,65,41,7,80,POINTS,POINTS,P2335AR,RAMSGATE STATION PLATFORMS 1 & 2
5,66,42,0,01,POINTS,POINTS,P2335BN,RAMSGATE STATION PLATFORMS 1 & 2
5,66,42,1,02,POINTS,POINTS,P2335BR,RAMSGATE STATION PLATFORMS 1 & 2
5,66,42,2,04,POINTS,POINTS,P2339N,RAMSGATE STATION PLATFORMS 1 & 2
5,66,42,3,08,POINTS,POINTS,P2339R,RAMSGATE STATION PLATFORMS 1 & 2
5,66,42,4,10,POINTS,POINTS,P2340AN,RAMSGATE STATION PLATFORMS 1 & 2
5,66,42,5,20,POINTS,POINTS,P2340AR,RAMSGATE STATION PLATFORMS 1 & 2
5,66,42,6,40,POINTS,POINTS,P2340BN,RAMSGATE STATION PLATFORMS 1 & 2
5,66,42,7,80,POINTS,POINTS,P2340BR,RAMSGATE STATION PLATFORMS 1 & 2
5,67,43,0,01,POINTS,POINTS,P2344N,RAMSGATE STATION PLATFORMS 1 & 2
5,67,43,1,02,POINTS,POINTS,P2344R,RAMSGATE STATION PLATFORMS 1 & 2
5,67,43,2,04,POINTS,POINTS,P2425N,RAMSGATE STATION PLATFORMS 1 & 2
5,67,43,3,08,POINTS,POINTS,P2425R,RAMSGATE STATION PLATFORMS 1 & 2
5,67,43,4,10,POINTS,POINTS,P2428N,RAMSGATE STATION PLATFORMS 1 & 2
5,67,43,5,20,POINTS,POINTS,P2428R,RAMSGATE STATION PLATFORMS 1 & 2
5,67,43,6,40,POINTS,POINTS,P2434N,RAMSGATE STATION PLATFORMS 1 & 2
5,67,43,7,80,POINTS,POINTS,P2434R,RAMSGATE STATION PLATFORMS 1 & 2
5,68,44,0,01,POINTS,POINTS,P2436AN,RAMSGATE STATION PLATFORMS 1 & 2
5,68,44,1,02,POINTS,POINTS,P2436AR,RAMSGATE STATION PLATFORMS 1 & 2
5,68,44,2,04,POINTS,POINTS,P2436BN,RAMSGATE STATION PLATFORMS 1 & 2
5,68,44,3,08,POINTS,POINTS,P2436BR,RAMSGATE STATION PLATFORMS 1 & 2
5,68,44,4,10,POINTS,POINTS,P2439N,RAMSGATE STATION PLATFORMS 1 & 2
5,68,44,5,20,POINTS,POINTS,P2439R,RAMSGATE STATION PLATFORMS 1 & 2
5,68,44,6,40,POINTS,,,RAMSGATE STATION PLATFORMS 1 & 2
5,68,44,7,80,POINTS,,,RAMSGATE STATION PLATFORMS 1 & 2
5,69,45,0,01,ROUTES,ROUTES,R4978AS,RAMSGATE STATION PLATFORMS 1 & 2
5,69,45,1,02,ROUTES,ROUTES,R4978B1M,RAMSGATE STATION PLATFORMS 1 & 2
5,69,45,2,04,ROUTES,ROUTES,R4978B2M,RAMSGATE STATION PLATFORMS 1 & 2
5,69,45,3,08,ROUTES,ROUTES,R4978C1S,RAMSGATE STATION PLATFORMS 1 & 2
5,69,45,4,10,ROUTES,ROUTES,R4978C2S,RAMSGATE STATION PLATFORMS 1 & 2
5,69,45,5,20,ROUTES,ROUTES,R4978DS,RAMSGATE STATION PLATFORMS 1 & 2
5,69,45,6,40,ROUTES,ROUTES,R4982AS,RAMSGATE STATION PLATFORMS 1 & 2
5,69,45,7,80,ROUTES,ROUTES,R4982B1M,RAMSGATE STATION PLATFORMS 1 & 2
5,70,46,0,01,ROUTES,ROUTES,R4982B2M,RAMSGATE STATION PLATFORMS 1 & 2
5,70,46,1,02,ROUTES,ROUTES,R4982C1S,RAMSGATE STATION PLATFORMS 1 & 2
5,70,46,2,04,ROUTES,ROUTES,R4982C2S,RAMSGATE STATION PLATFORMS 1 & 2
5,70,46,3,08,ROUTES,ROUTES,R4982DS,RAMSGATE STATION PLATFORMS 1 & 2
5,70,46,4,10,ROUTES,ROUTES,R4984AS,RAMSGATE STATION PLATFORMS 1 & 2
5,70,46,5,20,ROUTES,ROUTES,R4984B1M,RAMSGATE STATION PLATFORMS 1 & 2
5,70,46,6,40,ROUTES,ROUTES,R4984B2M,RAMSGATE STATION PLATFORMS 1 & 2
5,70,46,7,80,ROUTES,ROUTES,R4984C1S,RAMSGATE STATION PLATFORMS 1 & 2
5,71,47,0,01,ROUTES,ROUTES,R4984C2S,RAMSGATE STATION PLATFORMS 1 & 2
5,71,47,1,02,ROUTES,ROUTES,R4984DS,RAMSGATE STATION PLATFORMS 1 & 2
5,71,47,2,04,ROUTES,ROUTES,R4987ASNP,RAMSGATE STATION PLATFORMS 1 & 2
5,71,47,3,08,ROUTES,ROUTES,R4987ASP,RAMSGATE STATION PLATFORMS 1 & 2
5,71,47,4,10,ROUTES,ROUTES,R4987BSNP,RAMSGATE STATION PLATFORMS 1 & 2
5,71,47,5,20,ROUTES,ROUTES,R4987BSP,RAMSGATE STATION PLATFORMS 1 & 2
5,71,47,6,40,ROUTES,ROUTES,R4987CS,RAMSGATE STATION PLATFORMS 1 & 2
5,71,47,7,80,ROUTES,ROUTES,R5143AM,RAMSGATE STATION PLATFORMS 1 & 2
5,72,48,0,01,ROUTES,ROUTES,R5143AC,RAMSGATE STATION PLATFORMS 1 & 2
5,72,48,1,02,ROUTES,ROUTES,R5143BM,RAMSGATE STATION PLATFORMS 1 & 2
5,72,48,2,04,ROUTES,ROUTES,R5143BC,RAMSGATE STATION PLATFORMS 1 & 2
5,72,48,3,08,ROUTES,ROUTES,R5143CM,RAMSGATE STATION PLATFORMS 1 & 2
5,72,48,4,10,ROUTES,ROUTES,R5143CC,RAMSGATE STATION PLATFORMS 1 & 2
5,72,48,5,20,ROUTES,ROUTES,R5143DM,RAMSGATE STATION PLATFORMS 1 & 2
5,72,48,6,40,ROUTES,ROUTES,R5143DC,RAMSGATE STATION PLATFORMS 1 & 2
5,72,48,7,80,ROUTES,ROUTES,R5143ES,RAMSGATE STATION PLATFORMS 1 & 2
5,73,49,0,01,ROUTES,ROUTES,R5143FS,RAMSGATE STATION PLATFORMS 1 & 2
5,73,49,1,02,ROUTES,ROUTES,R5143GS,RAMSGATE STATION PLATFORMS 1 & 2
5,73,49,2,04,ROUTES,ROUTES,R5145ASNP,RAMSGATE STATION PLATFORMS 1 & 2
5,73,49,3,08,ROUTES,ROUTES,R5145ASP,RAMSGATE STATION PLATFORMS 1 & 2
5,73,49,4,10,ROUTES,ROUTES,R5145BSNP,RAMSGATE STATION PLATFORMS 1 & 2
5,73,49,5,20,ROUTES,ROUTES,R5145BSP,RAMSGATE STATION PLATFORMS 1 & 2
5,73,49,6,40,ROUTES,ROUTES,R5145CSNP,RAMSGATE STATION PLATFORMS 1 & 2
5,73,49,7,80,ROUTES,ROUTES,R5145CSP,RAMSGATE STATION PLATFORMS 1 & 2
5,74,4A,0,01,ROUTES,ROUTES,R5145DSNP,RAMSGATE STATION PLATFORMS 1 & 2
5,74,4A,1,02,ROUTES,ROUTES,R5145DSP,RAMSGATE STATION PLATFORMS 1 & 2
5,74,4A,2,04,ROUTES,ROUTES,R5145ES,RAMSGATE STATION PLATFORMS 1 & 2
5,74,4A,3,08,ROUTES,ROUTES,R5145FS,RAMSGATE STATION PLATFORMS 1 & 2
5,74,4A,4,10,ROUTES,ROUTES,R5145GS,RAMSGATE STATION PLATFORMS 1 & 2
5,74,4A,5,20,ROUTES,ROUTES,R5160AS,RAMSGATE STATION PLATFORMS 1 & 2
5,74,4A,6,40,ROUTES,ROUTES,R5160BM,RAMSGATE STATION PLATFORMS 1 & 2
5,74,4A,7,80,ROUTES,ROUTES,R5160CS,RAMSGATE STATION PLATFORMS 1 & 2
5,75,4B,0,01,ROUTES,ROUTES,R5162AM,RAMSGATE STATION PLATFORMS 1 & 2
5,75,4B,1,02,ROUTES,ROUTES,R5162BS,RAMSGATE STATION PLATFORMS 1 & 2
5,75,4B,2,04,ROUTES,ROUTES,R5164AM,RAMSGATE STATION PLATFORMS 1 & 2
5,75,4B,3,08,ROUTES,ROUTES,R5164BS,RAMSGATE STATION PLATFORMS 1 & 2
5,75,4B,4,10,ROUTES,ROUTES,R5176AM,RAMSGATE STATION PLATFORMS 1 & 2
5,75,4B,5,20,ROUTES,ROUTES,R5176BS,RAMSGATE STATION PLATFORMS 1 & 2
5,75,4B,6,40,ROUTES,ROUTES,R5178AM,RAMSGATE STATION PLATFORMS 1 & 2
5,75,4B,7,80,ROUTES,ROUTES,R5178BS,RAMSGATE STATION PLATFORMS 1 & 2
5,76,4C,0,01,ROUTES,,,RAMSGATE STATION PLATFORMS 1 & 2
5,76,4C,1,02,ROUTES,,,RAMSGATE STATION PLATFORMS 1 & 2
5,76,4C,2,04,ROUTES,,,RAMSGATE STATION PLATFORMS 1 & 2
5,76,4C,3,08,ROUTES,,,RAMSGATE STATION PLATFORMS 1 & 2
5,76,4C,4,10,ROUTES,,,RAMSGATE STATION PLATFORMS 1 & 2
5,76,4C,5,20,ROUTES,,,RAMSGATE STATION PLATFORMS 1 & 2
5,76,4C,6,40,ROUTES,,,RAMSGATE STATION PLATFORMS 1 & 2
5,76,4C,7,80,ROUTES,,,RAMSGATE STATION PLATFORMS 1 & 2
5,77,4D,0,01,TRTS,TRTS,L4982TRS,RAMSGATE STATION PLATFORMS 1 & 2
5,77,4D,1,02,TRTS,TRTS,L4984TRS,RAMSGATE STATION PLATFORMS 1 & 2
5,77,4D,2,04,TRTS,TRTS,L5176TRS,RAMSGATE STATION PLATFORMS 1 & 2
5,77,4D,3,08,TRTS,TRTS,L5178TRS,RAMSGATE STATION PLATFORMS 1 & 2
5,77,4D,4,10,TRTS,,,RAMSGATE STATION PLATFORMS 1 & 2
5,77,4D,5,20,TRTS,,,RAMSGATE STATION PLATFORMS 1 & 2
5,77,4D,6,40,TRTS,,,RAMSGATE STATION PLATFORMS 1 & 2
5,77,4D,7,80,TRTS,,,RAMSGATE STATION PLATFORMS 1 & 2
5,78,4E,0,01,SIGNAL_GROUP_REPLACEMENT,SIGNAL_GROUP_REPLACEMENT,LSGRMMK,RAMSGATE STATION PLATFORMS 1 & 2
5,78,4E,1,02,SIGNAL_GROUP_REPLACEMENT,,,RAMSGATE STATION PLATFORMS 1 & 2
5,78,4E,2,04,SIGNAL_GROUP_REPLACEMENT,,,RAMSGATE STATION PLATFORMS 1 & 2
5,78,4E,3,08,SIGNAL_GROUP_REPLACEMENT,,,RAMSGATE STATION PLATFORMS 1 & 2
5,78,4E,4,10,SIGNAL_GROUP_REPLACEMENT,,,RAMSGATE STATION PLATFORMS 1 & 2
5,78,4E,5,20,SIGNAL_GROUP_REPLACEMENT,,,RAMSGATE STATION PLATFORMS 1 & 2
5,78,4E,6,40,SIGNAL_GROUP_REPLACEMENT,,,RAMSGATE STATION PLATFORMS 1 & 2
5,78,4E,7,80,SIGNAL_GROUP_REPLACEMENT,,,RAMSGATE STATION PLATFORMS 1 & 2
6,79,4F,0,01,TRACKS,TRACKS,TNZA,RAMSGATE STATION PLATFORMS 3 & 4
6,79,4F,1,02,TRACKS,TRACKS,TGVE,RAMSGATE STATION PLATFORMS 3 & 4
6,79,4F,2,04,TRACKS,TRACKS,TGVF,RAMSGATE STATION PLATFORMS 3 & 4
6,79,4F,3,08,TRACKS,TRACKS,TGWM,RAMSGATE STATION PLATFORMS 3 & 4
6,79,4F,4,10,TRACKS,TRACKS,TGWN,RAMSGATE STATION PLATFORMS 3 & 4
6,79,4F,5,20,TRACKS,TRACKS,TNWK,RAMSGATE STATION PLATFORMS 3 & 4
6,79,4F,6,40,TRACKS,,,RAMSGATE STATION PLATFORMS 3 & 4
6,79,4F,7,80,TRACKS,,,RAMSGATE STATION PLATFORMS 3 & 4
6,80,50,0,01,SIGNALS,SIGNALS,S4958,RAMSGATE STATION PLATFORMS 3 & 4
6,80,50,1,02,SIGNALS,SIGNALS,S4962,RAMSGATE STATION PLATFORMS 3 & 4
6,80,50,2,04,SIGNALS,SIGNALS,S4964,RAMSGATE STATION PLATFORMS 3 & 4
6,80,50,3,08,SIGNALS,SIGNALS,S4966,RAMSGATE STATION PLATFORMS 3 & 4
6,80,50,4,10,SIGNALS,SIGNALS,S4968,RAMSGATE STATION PLATFORMS 3 & 4
6,80,50,5,20,SIGNALS,SIGNALS,S4969,RAMSGATE STATION PLATFORMS 3 & 4
6,80,50,6,40,SIGNALS,SIGNALS,S4971,RAMSGATE STATION PLATFORMS 3 & 4
6,80,50,7,80,SIGNALS,SIGNALS,S4972,RAMSGATE STATION PLATFORMS 3 & 4
6,81,51,0,01,SIGNALS,SIGNALS,S4973,RAMSGATE STATION PLATFORMS 3 & 4
6,81,51,1,02,SIGNALS,SIGNALS,S4974,RAMSGATE STATION PLATFORMS 3 & 4
6,81,51,2,04,SIGNALS,SIGNALS,S4976,RAMSGATE STATION PLATFORMS 3 & 4
6,81,51,3,08,SIGNALS,SIGNALS,S4977,RAMSGATE STATION PLATFORMS 3 & 4
6,81,51,4,10,SIGNALS,SIGNALS,S4979,RAMSGATE STATION PLATFORMS 3 & 4
6,81,51,5,20,SIGNALS,SIGNALS,S4981,RAMSGATE STATION PLATFORMS 3 & 4
6,81,51,6,40,SIGNALS,SIGNALS,S4983,RAMSGATE STATION PLATFORMS 3 & 4
6,81,51,7,80,SIGNALS,SIGNALS,S4985,RAMSGATE STATION PLATFORMS 3 & 4
6,82,52,0,01,SIGNALS,SIGNALS,S4986,RAMSGATE STATION PLATFORMS 3 & 4
6,82,52,1,02,SIGNALS,SIGNALS,S4988,RAMSGATE STATION PLATFORMS 3 & 4
6,82,52,2,04,SIGNALS,SIGNALS,S4989,RAMSGATE STATION PLATFORMS 3 & 4
6,82,52,3,08,SIGNALS,SIGNALS,S5170,RAMSGATE STATION PLATFORMS 3 & 4
6,82,52,4,10,SIGNALS,SIGNALS,S5174,RAMSGATE STATION PLATFORMS 3 & 4
6,82,52,5,20,SIGNALS,,,RAMSGATE STATION PLATFORMS 3 & 4
6,82,52,6,40,SIGNALS,,,RAMSGATE STATION PLATFORMS 3 & 4
6,82,52,7,80,SIGNALS,,,RAMSGATE STATION PLATFORMS 3 & 4
6,83,53,0,01,POINTS,POINTS,P2417AN,RAMSGATE STATION PLATFORMS 3 & 4
6,83,53,1,02,POINTS,POINTS,P2417AR,RAMSGATE STATION PLATFORMS 3 & 4
6,83,53,2,04,POINTS,POINTS,P2417BN,RAMSGATE STATION PLATFORMS 3 & 4
6,83,53,3,08,POINTS,POINTS,P2417BR,RAMSGATE STATION PLATFORMS 3 & 4
6,83,53,4,10,POINTS,POINTS,P2418AN,RAMSGATE STATION PLATFORMS 3 & 4
6,83,53,5,20,POINTS,POINTS,P2418AR,RAMSGATE STATION PLATFORMS 3 & 4
6,83,53,6,40,POINTS,POINTS,P2418BN,RAMSGATE STATION PLATFORMS 3 & 4
6,83,53,7,80,POINTS,POINTS,P2418BR,RAMSGATE STATION PLATFORMS 3 & 4
6,84,54,0,01,POINTS,POINTS,P2421AN,RAMSGATE STATION PLATFORMS 3 & 4
6,84,54,1,02,POINTS,POINTS,P2421AR,RAMSGATE STATION PLATFORMS 3 & 4
6,84,54,2,04,POINTS,POINTS,P2421BN,RAMSGATE STATION PLATFORMS 3 & 4
6,84,54,3,08,POINTS,POINTS,P2421BR,RAMSGATE STATION PLATFORMS 3 & 4
6,84,54,4,10,POINTS,POINTS,P2423N,RAMSGATE STATION PLATFORMS 3 & 4
6,84,54,5,20,POINTS,POINTS,P2423R,RAMSGATE STATION PLATFORMS 3 & 4
6,84,54,6,40,POINTS,POINTS,P2426AN,RAMSGATE STATION PLATFORMS 3 & 4
6,84,54,7,80,POINTS,POINTS,P2426AR,RAMSGATE STATION PLATFORMS 3 & 4
6,85,55,0,01,POINTS,POINTS,P2426BN,RAMSGATE STATION PLATFORMS 3 & 4
6,85,55,1,02,POINTS,POINTS,P2426BR,RAMSGATE STATION PLATFORMS 3 & 4
6,85,55,2,04,POINTS,POINTS,P2427N,RAMSGATE STATION PLATFORMS 3 & 4
6,85,55,3,08,POINTS,POINTS,P2427R,RAMSGATE STATION PLATFORMS 3 & 4
6,85,55,4,10,POINTS,POINTS,P2429N,RAMSGATE STATION PLATFORMS 3 & 4
6,85,55,5,20,POINTS,POINTS,P2429R,RAMSGATE STATION PLATFORMS 3 & 4
6,85,55,6,40,POINTS,POINTS,P2431N,RAMSGATE STATION PLATFORMS 3 & 4
6,85,55,7,80,POINTS,POINTS,P2431R,RAMSGATE STATION PLATFORMS 3 & 4
6,86,56,0,01,POINTS,POINTS,P2433AN,RAMSGATE STATION PLATFORMS 3 & 4
6,86,56,1,02,POINTS,POINTS,P2433AR,RAMSGATE STATION PLATFORMS 3 & 4
6,86,56,2,04,POINTS,POINTS,P2433BN,RAMSGATE STATION PLATFORMS 3 & 4
6,86,56,3,08,POINTS,POINTS,P2433BR,RAMSGATE STATION PLATFORMS 3 & 4
6,86,56,4,10,POINTS,POINTS,P2438N,RAMSGATE STATION PLATFORMS 3 & 4
6,86,56,5,20,POINTS,POINTS,P2438R,RAMSGATE STATION PLATFORMS 3 & 4
6,86,56,6,40,POINTS,POINTS,LHP2435DN,RAMSGATE STATION PLATFORMS 3 & 4
6,86,56,7,80,POINTS,POINTS,LHP2435DR,RAMSGATE STATION PLATFORMS 3 & 4
6,87,57,0,01,POINTS,,,RAMSGATE STATION PLATFORMS 3 & 4
6,87,57,1,02,POINTS,,,RAMSGATE STATION PLATFORMS 3 & 4
6,87,57,2,04,POINTS,,,RAMSGATE STATION PLATFORMS 3 & 4
6,87,57,3,08,POINTS,,,RAMSGATE STATION PLATFORMS 3 & 4
6,87,57,4,10,POINTS,,,RAMSGATE STATION PLATFORMS 3 & 4
6,87,57,5,20,POINTS,,,RAMSGATE STATION PLATFORMS 3 & 4
6,87,57,6,40,POINTS,,,RAMSGATE STATION PLATFORMS 3 & 4
6,87,57,7,80,POINTS,,,RAMSGATE STATION PLATFORMS 3 & 4
6,88,58,0,01,ROUTES,ROUTES,R4972AS,RAMSGATE STATION PLATFORMS 3 & 4
6,88,58,1,02,ROUTES,ROUTES,R4974AS,RAMSGATE STATION PLATFORMS 3 & 4
6,88,58,2,04,ROUTES,ROUTES,R4974BS,RAMSGATE STATION PLATFORMS 3 & 4
6,88,58,3,08,ROUTES,ROUTES,R4974CS,RAMSGATE STATION PLATFORMS 3 & 4
6,88,58,4,10,ROUTES,ROUTES,R4974DS,RAMSGATE STATION PLATFORMS 3 & 4
6,88,58,5,20,ROUTES,ROUTES,R4976AS,RAMSGATE STATION PLATFORMS 3 & 4
6,88,58,6,40,ROUTES,ROUTES,R4976BS,RAMSGATE STATION PLATFORMS 3 & 4
6,88,58,7,80,ROUTES,ROUTES,R4976CS,RAMSGATE STATION PLATFORMS 3 & 4
6,89,59,0,01,ROUTES,ROUTES,R4976D1S,RAMSGATE STATION PLATFORMS 3 & 4
6,89,59,1,02,ROUTES,ROUTES,R4976D2S,RAMSGATE STATION PLATFORMS 3 & 4
6,89,59,2,04,ROUTES,ROUTES,R4977AM,RAMSGATE STATION PLATFORMS 3 & 4
6,89,59,3,08,ROUTES,ROUTES,R4979AM,RAMSGATE STATION PLATFORMS 3 & 4
6,89,59,4,10,ROUTES,ROUTES,R4979AW,RAMSGATE STATION PLATFORMS 3 & 4
6,89,59,5,20,ROUTES,ROUTES,R4981AS,RAMSGATE STATION PLATFORMS 3 & 4
6,89,59,6,40,ROUTES,ROUTES,R4981BS,RAMSGATE STATION PLATFORMS 3 & 4
6,89,59,7,80,ROUTES,ROUTES,R4981C1M,RAMSGATE STATION PLATFORMS 3 & 4
6,90,5A,0,01,ROUTES,ROUTES,R4981C2M,RAMSGATE STATION PLATFORMS 3 & 4
6,90,5A,1,02,ROUTES,ROUTES,R4981C1W,RAMSGATE STATION PLATFORMS 3 & 4
6,90,5A,2,04,ROUTES,ROUTES,R4981C2W,RAMSGATE STATION PLATFORMS 3 & 4
6,90,5A,3,08,ROUTES,ROUTES,R4981C1C,RAMSGATE STATION PLATFORMS 3 & 4
6,90,5A,4,10,ROUTES,ROUTES,R4981C2C,RAMSGATE STATION PLATFORMS 3 & 4
6,90,5A,5,20,ROUTES,ROUTES,R4981D1M,RAMSGATE STATION PLATFORMS 3 & 4
6,90,5A,6,40,ROUTES,ROUTES,R4981D2M,RAMSGATE STATION PLATFORMS 3 & 4
6,90,5A,7,80,ROUTES,ROUTES,R4981D1W,RAMSGATE STATION PLATFORMS 3 & 4
6,91,5B,0,01,ROUTES,ROUTES,R4981D2W,RAMSGATE STATION PLATFORMS 3 & 4
6,91,5B,1,02,ROUTES,ROUTES,R4981D1C,RAMSGATE STATION PLATFORMS 3 & 4
6,91,5B,2,04,ROUTES,ROUTES,R4981D2C,RAMSGATE STATION PLATFORMS 3 & 4
6,91,5B,3,08,ROUTES,ROUTES,R4981E1M,RAMSGATE STATION PLATFORMS 3 & 4
6,91,5B,4,10,ROUTES,ROUTES,R4981E2M,RAMSGATE STATION PLATFORMS 3 & 4
6,91,5B,5,20,ROUTES,ROUTES,R4981E1W,RAMSGATE STATION PLATFORMS 3 & 4
6,91,5B,6,40,ROUTES,ROUTES,R4981E2W,RAMSGATE STATION PLATFORMS 3 & 4
6,91,5B,7,80,ROUTES,ROUTES,R4981E1C,RAMSGATE STATION PLATFORMS 3 & 4
6,92,5C,0,01,ROUTES,ROUTES,R4981E2C,RAMSGATE STATION PLATFORMS 3 & 4
6,92,5C,1,02,ROUTES,ROUTES,R4981F1M,RAMSGATE STATION PLATFORMS 3 & 4
6,92,5C,2,04,ROUTES,ROUTES,R4981F2M,RAMSGATE STATION PLATFORMS 3 & 4
6,92,5C,3,08,ROUTES,ROUTES,R4981F1C,RAMSGATE STATION PLATFORMS 3 & 4
6,92,5C,4,10,ROUTES,ROUTES,R4981F2C,RAMSGATE STATION PLATFORMS 3 & 4
6,92,5C,5,20,ROUTES,ROUTES,R4981GS,RAMSGATE STATION PLATFORMS 3 & 4
6,92,5C,6,40,ROUTES,ROUTES,R4983AS,RAMSGATE STATION PLATFORMS 3 & 4
6,92,5C,7,80,ROUTES,ROUTES,R4983BS,RAMSGATE STATION PLATFORMS 3 & 4
6,93,5D,0,01,ROUTES,ROUTES,R4983CS,RAMSGATE STATION PLATFORMS 3 & 4
6,93,5D,1,02,ROUTES,ROUTES,R4983DM,RAMSGATE STATION PLATFORMS 3 & 4
6,93,5D,2,04,ROUTES,ROUTES,R4983DW,RAMSGATE STATION PLATFORMS 3 & 4
6,93,5D,3,08,ROUTES,,,RAMSGATE STATION PLATFORMS 3 & 4
6,93,5D,4,10,ROUTES,ROUTES,R4983DSP,RAMSGATE STATION PLATFORMS 3 & 4
6,93,5D,5,20,ROUTES,ROUTES,R4983EM,RAMSGATE STATION PLATFORMS 3 & 4
6,93,5D,6,40,ROUTES,ROUTES,R4983EW,RAMSGATE STATION PLATFORMS 3 & 4
6,93,5D,7,80,ROUTES,,,RAMSGATE STATION PLATFORMS 3 & 4
6,94,5E,0,01,ROUTES,ROUTES,R4983ESP,RAMSGATE STATION PLATFORMS 3 & 4
6,94,5E,1,02,ROUTES,ROUTES,R4983FM,RAMSGATE STATION PLATFORMS 3 & 4
6,94,5E,2,04,ROUTES,ROUTES,R4983FW,RAMSGATE STATION PLATFORMS 3 & 4
6,94,5E,3,08,ROUTES,,,RAMSGATE STATION PLATFORMS 3 & 4
6,94,5E,4,10,ROUTES,ROUTES,R4983FSP,RAMSGATE STATION PLATFORMS 3 & 4
6,94,5E,5,20,ROUTES,ROUTES,R4983GM,RAMSGATE STATION PLATFORMS 3 & 4
6,94,5E,6,40,ROUTES,,,RAMSGATE STATION PLATFORMS 3 & 4
6,94,5E,7,80,ROUTES,ROUTES,R4983GSP,RAMSGATE STATION PLATFORMS 3 & 4
6,95,5F,0,01,ROUTES,ROUTES,R4983HS,RAMSGATE STATION PLATFORMS 3 & 4
6,95,5F,1,02,ROUTES,ROUTES,R4985AS,RAMSGATE STATION PLATFORMS 3 & 4
6,95,5F,2,04,ROUTES,ROUTES,R4985BS,RAMSGATE STATION PLATFORMS 3 & 4
6,95,5F,3,08,ROUTES,ROUTES,R4985CSNP,RAMSGATE STATION PLATFORMS 3 & 4
6,95,5F,4,10,ROUTES,ROUTES,R4985CSP,RAMSGATE STATION PLATFORMS 3 & 4
6,95,5F,5,20,ROUTES,ROUTES,R4985DSNP,RAMSGATE STATION PLATFORMS 3 & 4
6,95,5F,6,40,ROUTES,ROUTES,R4985DSP,RAMSGATE STATION PLATFORMS 3 & 4
6,95,5F,7,80,ROUTES,ROUTES,R4985ESNP,RAMSGATE STATION PLATFORMS 3 & 4
6,96,60,0,01,ROUTES,ROUTES,R4985ESP,RAMSGATE STATION PLATFORMS 3 & 4
6,96,60,1,02,ROUTES,ROUTES,R4985FSNP,RAMSGATE STATION PLATFORMS 3 & 4
6,96,60,2,04,ROUTES,ROUTES,R4985FSP,RAMSGATE STATION PLATFORMS 3 & 4
6,96,60,3,08,ROUTES,ROUTES,R4985GS,RAMSGATE STATION PLATFORMS 3 & 4
6,96,60,4,10,ROUTES,ROUTES,R4986AM,RAMSGATE STATION PLATFORMS 3 & 4
6,96,60,5,20,ROUTES,ROUTES,R4986BS,RAMSGATE STATION PLATFORMS 3 & 4
6,96,60,6,40,ROUTES,ROUTES,R4986CS,RAMSGATE STATION PLATFORMS 3 & 4
6,96,60,7,80,ROUTES,ROUTES,R4988AM,RAMSGATE STATION PLATFORMS 3 & 4
6,97,61,0,01,ROUTES,ROUTES,R4988BS,RAMSGATE STATION PLATFORMS 3 & 4
6,97,61,1,02,ROUTES,ROUTES,R4988CS,RAMSGATE STATION PLATFORMS 3 & 4
6,97,61,2,04,ROUTES,ROUTES,R4989A1S,RAMSGATE STATION PLATFORMS 3 & 4
6,97,61,3,08,ROUTES,ROUTES,R4989A2S,RAMSGATE STATION PLATFORMS 3 & 4
6,97,61,4,10,ROUTES,ROUTES,R4989BS,RAMSGATE STATION PLATFORMS 3 & 4
6,97,61,5,20,ROUTES,ROUTES,R5170AM,RAMSGATE STATION PLATFORMS 3 & 4
6,97,61,6,40,ROUTES,ROUTES,R5170BS,RAMSGATE STATION PLATFORMS 3 & 4
6,97,61,7,80,ROUTES,ROUTES,R5174AM,RAMSGATE STATION PLATFORMS 3 & 4
6,98,62,0,01,ROUTES,ROUTES,R5174BS,RAMSGATE STATION PLATFORMS 3 & 4
6,98,62,1,02,ROUTES,,,RAMSGATE STATION PLATFORMS 3 & 4
6,98,62,2,04,ROUTES,,,RAMSGATE STATION PLATFORMS 3 & 4
6,98,62,3,08,ROUTES,,,RAMSGATE STATION PLATFORMS 3 & 4
6,98,62,4,10,ROUTES,,,RAMSGATE STATION PLATFORMS 3 & 4
6,98,62,5,20,ROUTES,,,RAMSGATE STATION PLATFORMS 3 & 4
6,98,62,6,40,ROUTES,,,RAMSGATE STATION PLATFORMS 3 & 4
6,98,62,7,80,ROUTES,,,RAMSGATE STATION PLATFORMS 3 & 4
6,99,63,0,01,TRTS,TRTS,L4986TRS,RAMSGATE STATION PLATFORMS 3 & 4
6,99,63,1,02,TRTS,TRTS,L4988TRS,RAMSGATE STATION PLATFORMS 3 & 4
6,99,63,2,04,TRTS,TRTS,L5170TRS,RAMSGATE STATION PLATFORMS 3 & 4
6,99,63,3,08,TRTS,TRTS,L5174TRS,RAMSGATE STATION PLATFORMS 3 & 4
6,99,63,4,10,TRTS,,,RAMSGATE STATION PLATFORMS 3 & 4
6,99,63,5,20,TRTS,,,RAMSGATE STATION PLATFORMS 3 & 4
6,99,63,6,40,TRTS,,,RAMSGATE STATION PLATFORMS 3 & 4
6,99,63,7,80,TRTS,,,RAMSGATE STATION PLATFORMS 3 & 4
6,100,64,0,01,SIGNAL_GROUP_REPLACEMENT,SIGNAL_GROUP_REPLACEMENT,LSGRMMI,RAMSGATE STATION PLATFORMS 3 & 4
6,100,64,1,02,SIGNAL_GROUP_REPLACEMENT,SIGNAL_GROUP_REPLACEMENT,LSGCLIFFAHB,RAMSGATE STATION PLATFORMS 3 & 4
6,100,64,2,04,SIGNAL_GROUP_REPLACEMENT,SIGNAL_GROUP_REPLACEMENT,LSGSEVENAHB,RAMSGATE STATION PLATFORMS 3 & 4
6,100,64,3,08,SIGNAL_GROUP_REPLACEMENT,,,RAMSGATE STATION PLATFORMS 3 & 4
6,100,64,4,10,SIGNAL_GROUP_REPLACEMENT,,,RAMSGATE STATION PLATFORMS 3 & 4
6,100,64,5,20,SIGNAL_GROUP_REPLACEMENT,,,RAMSGATE STATION PLATFORMS 3 & 4
6,100,64,6,40,SIGNAL_GROUP_REPLACEMENT,,,RAMSGATE STATION PLATFORMS 3 & 4
6,100,64,7,80,SIGNAL_GROUP_REPLACEMENT,,,RAMSGATE STATION PLATFORMS 3 & 4
6,101,65,0,01,LEVEL_CROSSING,LEVEL_CROSSING,LXCDUPK,CLIFFSEND AHB
6,101,65,1,02,LEVEL_CROSSING,LEVEL_CROSSING,LXCDWKGK,CLIFFSEND AHB
6,101,65,2,04,LEVEL_CROSSING,,,CLIFFSEND AHB
6,101,65,3,08,LEVEL_CROSSING,,,CLIFFSEND AHB
6,101,65,4,10,LEVEL_CROSSING,,,CLIFFSEND AHB
6,101,65,5,20,LEVEL_CROSSING,,,CLIFFSEND AHB
6,101,65,6,40,LEVEL_CROSSING,,,CLIFFSEND AHB
6,101,65,7,80,LEVEL_CROSSING,,,CLIFFSEND AHB
6,102,66,0,01,LEVEL_CROSSING,LEVEL_CROSSING,LXSEUPK,SEVENSCORE AHB
6,102,66,1,02,LEVEL_CROSSING,LEVEL_CROSSING,LXSEWKGK,SEVENSCORE AHB
6,102,66,2,04,LEVEL_CROSSING,,,SEVENSCORE AHB
6,102,66,3,08,LEVEL_CROSSING,,,SEVENSCORE AHB
6,102,66,4,10,LEVEL_CROSSING,,,SEVENSCORE AHB
6,102,66,5,20,LEVEL_CROSSING,,,SEVENSCORE AHB
6,102,66,6,40,LEVEL_CROSSING,,,SEVENSCORE AHB
6,102,66,7,80,LEVEL_CROSSING,,,SEVENSCORE AHB
7,103,67,0,01,TRACKS,TRACKS,TCEU,CANTERBURY EAST/SHEPHERDS WELL STATIONS
7,103,67,1,02,TRACKS,TRACKS,TCFY,CANTERBURY EAST/SHEPHERDS WELL STATIONS
7,103,67,2,04,TRACKS,TRACKS,TDHK,CANTERBURY EAST/SHEPHERDS WELL STATIONS
7,103,67,3,08,TRACKS,,,CANTERBURY EAST/SHEPHERDS WELL STATIONS
7,103,67,4,10,TRACKS,,,CANTERBURY EAST/SHEPHERDS WELL STATIONS
7,103,67,5,20,TRACKS,,,CANTERBURY EAST/SHEPHERDS WELL STATIONS
7,103,67,6,40,TRACKS,,,CANTERBURY EAST/SHEPHERDS WELL STATIONS
7,103,67,7,80,TRACKS,,,CANTERBURY EAST/SHEPHERDS WELL STATIONS
7,104,68,0,01,SIGNALS,SIGNALS,S4353,CANTERBURY EAST/SHEPHERDS WELL STATIONS
7,104,68,1,02,SIGNALS,SIGNALS,S4355,CANTERBURY EAST/SHEPHERDS WELL STATIONS
7,104,68,2,04,SIGNALS,SIGNALS,S4366,CANTERBURY EAST/SHEPHERDS WELL STATIONS
7,104,68,3,08,SIGNALS,SIGNALS,S4370,CANTERBURY EAST/SHEPHERDS WELL STATIONS
7,104,68,4,10,SIGNALS,SIGNALS,S4401,CANTERBURY EAST/SHEPHERDS WELL STATIONS
7,104,68,5,20,SIGNALS,SIGNALS,S4404,CANTERBURY EAST/SHEPHERDS WELL STATIONS
7,104,68,6,40,SIGNALS,SIGNALS,S4411,CANTERBURY EAST/SHEPHERDS WELL STATIONS
7,104,68,7,80,SIGNALS,SIGNALS,S4415,CANTERBURY EAST/SHEPHERDS WELL STATIONS
7,105,69,0,01,SIGNALS,SIGNALS,S4417,CANTERBURY EAST/SHEPHERDS WELL STATIONS
7,105,69,1,02,SIGNALS,SIGNALS,S4419,CANTERBURY EAST/SHEPHERDS WELL STATIONS
7,105,69,2,04,SIGNALS,SIGNALS,S4423,CANTERBURY EAST/SHEPHERDS WELL STATIONS
7,105,69,3,08,SIGNALS,SIGNALS,S4424,CANTERBURY EAST/SHEPHERDS WELL STATIONS
7,105,69,4,10,SIGNALS,SIGNALS,S4425,CANTERBURY EAST/SHEPHERDS WELL STATIONS
7,105,69,5,20,SIGNALS,SIGNALS,S4428,CANTERBURY EAST/SHEPHERDS WELL STATIONS
7,105,69,6,40,SIGNALS,SIGNALS,S4430,CANTERBURY EAST/SHEPHERDS WELL STATIONS
7,105,69,7,80,SIGNALS,SIGNALS,S4432,CANTERBURY EAST/SHEPHERDS WELL STATIONS
7,106,6A,0,01,SIGNALS,SIGNALS,S4434,CANTERBURY EAST/SHEPHERDS WELL STATIONS
7,106,6A,1,02,SIGNALS,SIGNALS,S4446,CANTERBURY EAST/SHEPHERDS WELL STATIONS
7,106,6A,2,04,SIGNALS,SIGNALS,S4448,CANTERBURY EAST/SHEPHERDS WELL STATIONS
7,106,6A,3,08,SIGNALS,SIGNALS,S4450,CANTERBURY EAST/SHEPHERDS WELL STATIONS
7,106,6A,4,10,SIGNALS,SIGNALS,S4452,CANTERBURY EAST/SHEPHERDS WELL STATIONS
7,106,6A,5,20,SIGNALS,SIGNALS,S4453,CANTERBURY EAST/SHEPHERDS WELL STATIONS
7,106,6A,6,40,SIGNALS,SIGNALS,S4454,CANTERBURY EAST/SHEPHERDS WELL STATIONS
7,106,6A,7,80,SIGNALS,SIGNALS,S4455,CANTERBURY EAST/SHEPHERDS WELL STATIONS
7,107,6B,0,01,SIGNALS,SIGNALS,S4459,CANTERBURY EAST/SHEPHERDS WELL STATIONS
7,107,6B,1,02,SIGNALS,SIGNALS,S4461,CANTERBURY EAST/SHEPHERDS WELL STATIONS
7,107,6B,2,04,SIGNALS,SIGNALS,S4463,CANTERBURY EAST/SHEPHERDS WELL STATIONS
7,107,6B,3,08,SIGNALS,SIGNALS,S4466,CANTERBURY EAST/SHEPHERDS WELL STATIONS
7,107,6B,4,10,SIGNALS,SIGNALS,S4468,CANTERBURY EAST/SHEPHERDS WELL STATIONS
7,107,6B,5,20,SIGNALS,SIGNALS,S4470,CANTERBURY EAST/SHEPHERDS WELL STATIONS
7,107,6B,6,40,SIGNALS,,,CANTERBURY EAST/SHEPHERDS WELL STATIONS
7,107,6B,7,80,SIGNALS,,,CANTERBURY EAST/SHEPHERDS WELL STATIONS
7,108,6C,0,01,POINTS,POINTS,P2224AN,CANTERBURY EAST/SHEPHERDS WELL STATIONS
7,108,6C,1,02,POINTS,POINTS,P2224AR,CANTERBURY EAST/SHEPHERDS WELL STATIONS
7,108,6C,2,04,POINTS,POINTS,P2224BN,CANTERBURY EAST/SHEPHERDS WELL STATIONS
7,108,6C,3,08,POINTS,POINTS,P2224BR,CANTERBURY EAST/SHEPHERDS WELL STATIONS
7,108,6C,4,10,POINTS,POINTS,P2225AN,CANTERBURY EAST/SHEPHERDS WELL STATIONS
7,108,6C,5,20,POINTS,POINTS,P2225AR,CANTERBURY EAST/SHEPHERDS WELL STATIONS
7,108,6C,6,40,POINTS,POINTS,P2225BN,CANTERBURY EAST/SHEPHERDS WELL STATIONS
7,108,6C,7,80,POINTS,POINTS,P2225BR,CANTERBURY EAST/SHEPHERDS WELL STATIONS
7,109,6D,0,01,POINTS,POINTS,P2230AN,CANTERBURY EAST/SHEPHERDS WELL STATIONS
7,109,6D,1,02,POINTS,POINTS,P2230AR,CANTERBURY EAST/SHEPHERDS WELL STATIONS
7,109,6D,2,04,POINTS,POINTS,P2230BN,CANTERBURY EAST/SHEPHERDS WELL STATIONS
7,109,6D,3,08,POINTS,POINTS,P2230BR,CANTERBURY EAST/SHEPHERDS WELL STATIONS
7,109,6D,4,10,POINTS,POINTS,P2233AN,CANTERBURY EAST/SHEPHERDS WELL STATIONS
7,109,6D,5,20,POINTS,POINTS,P2233AR,CANTERBURY EAST/SHEPHERDS WELL STATIONS
7,109,6D,6,40,POINTS,POINTS,P2233BN,CANTERBURY EAST/SHEPHERDS WELL STATIONS
7,109,6D,7,80,POINTS,POINTS,P2233BR,CANTERBURY EAST/SHEPHERDS WELL STATIONS
7,110,6E,0,01,POINTS,POINTS,LHP2231DN,CANTERBURY EAST/SHEPHERDS WELL STATIONS
7,110,6E,1,02,POINTS,POINTS,LHP2231DR,CANTERBURY EAST/SHEPHERDS WELL STATIONS
7,110,6E,2,04,POINTS,,,CANTERBURY EAST/SHEPHERDS WELL STATIONS
7,110,6E,3,08,POINTS,,,CANTERBURY EAST/SHEPHERDS WELL STATIONS
7,110,6E,4,10,POINTS,,,CANTERBURY EAST/SHEPHERDS WELL STATIONS
7,110,6E,5,20,POINTS,,,CANTERBURY EAST/SHEPHERDS WELL STATIONS
7,110,6E,6,40,POINTS,,,CANTERBURY EAST/SHEPHERDS WELL STATIONS
7,110,6E,7,80,POINTS,,,CANTERBURY EAST/SHEPHERDS WELL STATIONS
7,111,6F,0,01,ROUTES,ROUTES,R4411AM,CANTERBURY EAST/SHEPHERDS WELL STATIONS
7,111,6F,1,02,ROUTES,ROUTES,R4415ASNP,CANTERBURY EAST/SHEPHERDS WELL STATIONS
7,111,6F,2,04,ROUTES,ROUTES,R4415ASP,CANTERBURY EAST/SHEPHERDS WELL STATIONS
7,111,6F,3,08,ROUTES,ROUTES,R4415BSNP,CANTERBURY EAST/SHEPHERDS WELL STATIONS
7,111,6F,4,10,ROUTES,ROUTES,R4415BSP,CANTERBURY EAST/SHEPHERDS WELL STATIONS
7,111,6F,5,20,ROUTES,ROUTES,R4417AS,CANTERBURY EAST/SHEPHERDS WELL STATIONS
7,111,6F,6,40,ROUTES,ROUTES,R4419AM,CANTERBURY EAST/SHEPHERDS WELL STATIONS
7,111,6F,7,80,ROUTES,ROUTES,R4424AM,CANTERBURY EAST/SHEPHERDS WELL STATIONS
7,112,70,0,01,ROUTES,ROUTES,R4428AM,CANTERBURY EAST/SHEPHERDS WELL STATIONS
7,112,70,1,02,ROUTES,ROUTES,R4430ASNP,CANTERBURY EAST/SHEPHERDS WELL STATIONS
7,112,70,2,04,ROUTES,ROUTES,R4430ASP,CANTERBURY EAST/SHEPHERDS WELL STATIONS
7,112,70,3,08,ROUTES,ROUTES,R4432AM,CANTERBURY EAST/SHEPHERDS WELL STATIONS
7,112,70,4,10,ROUTES,ROUTES,R4452AM,CANTERBURY EAST/SHEPHERDS WELL STATIONS
7,112,70,5,20,ROUTES,ROUTES,R4454AM,CANTERBURY EAST/SHEPHERDS WELL STATIONS
7,112,70,6,40,ROUTES,ROUTES,R4454BS,CANTERBURY EAST/SHEPHERDS WELL STATIONS
7,112,70,7,80,ROUTES,ROUTES,R4455AM,CANTERBURY EAST/SHEPHERDS WELL STATIONS
7,113,71,0,01,ROUTES,ROUTES,R4459ASNP,CANTERBURY EAST/SHEPHERDS WELL STATIONS
7,113,71,1,02,ROUTES,ROUTES,R4459ASP,CANTERBURY EAST/SHEPHERDS WELL STATIONS
7,113,71,2,04,ROUTES,ROUTES,R4461ASNP,CANTERBURY EAST/SHEPHERDS WELL STATIONS
7,113,71,3,08,ROUTES,ROUTES,R4461ASP,CANTERBURY EAST/SHEPHERDS WELL STATIONS
7,113,71,4,10,ROUTES,ROUTES,R4463AM,CANTERBURY EAST/SHEPHERDS WELL STATIONS
7,113,71,5,20,ROUTES,ROUTES,R4466AM,CANTERBURY EAST/SHEPHERDS WELL STATIONS
7,113,71,6,40,ROUTES,,,CANTERBURY EAST/SHEPHERDS WELL STATIONS
7,113,71,7,80,ROUTES,,,CANTERBURY EAST/SHEPHERDS WELL STATIONS
7,114,72,0,01,SIGNAL_GROUP_REPLACEMENT,SIGNAL_GROUP_REPLACEMENT,LSGCLKHSEAHB,CANTERBURY EAST/SHEPHERDS WELL STATIONS
7,114,72,1,02,SIGNAL_GROUP_REPLACEMENT,SIGNAL_GROUP_REPLACEMENT,LSGCE,CANTERBURY EAST/SHEPHERDS WELL STATIONS
7,114,72,2,04,SIGNAL_GROUP_REPLACEMENT,SIGNAL_GROUP_REPLACEMENT,LSGCHATCHAHB,CANTERBURY EAST/SHEPHERDS WELL STATIONS
7,114,72,3,08,SIGNAL_GROUP_REPLACEMENT,SIGNAL_GROUP_REPLACEMENT,LSGSNG,CANTERBURY EAST/SHEPHERDS WELL STATIONS
7,114,72,4,10,SIGNAL_GROUP_REPLACEMENT,SIGNAL_GROUP_REPLACEMENT,LSGSOLEX,CANTERBURY EAST/SHEPHERDS WELL STATIONS
7,114,72,5,20,SIGNAL_GROUP_REPLACEMENT,SIGNAL_GROUP_REPLACEMENT,LSGSWL,CANTERBURY EAST/SHEPHERDS WELL STATIONS
7,114,72,6,40,SIGNAL_GROUP_REPLACEMENT,,,CANTERBURY EAST/SHEPHERDS WELL STATIONS
7,114,72,7,80,SIGNAL_GROUP_REPLACEMENT,,,CANTERBURY EAST/SHEPHERDS WELL STATIONS
7,115,73,0,01,LEVEL_CROSSING,LEVEL_CROSSING,LXCMUPK,CHARTHAM HATCH AHB
7,115,73,1,02,LEVEL_CROSSING,LEVEL_CROSSING,LXCMWKGK,CHARTHAM HATCH AHB
7,115,73,2,04,LEVEL_CROSSING,,,CHARTHAM HATCH AHB
7,115,73,3,08,LEVEL_CROSSING,,,CHARTHAM HATCH AHB
7,115,73,4,10,LEVEL_CROSSING,,,CHARTHAM HATCH AHB
7,115,73,5,20,LEVEL_CROSSING,,,CHARTHAM HATCH AHB
7,115,73,6,40,LEVEL_CROSSING,,,CHARTHAM HATCH AHB
7,115,73,7,80,LEVEL_CROSSING,,,CHARTHAM HATCH AHB
